# Hand-reviewed single-syllable reading order (Taiwan everyday usage,
# a char typed alone). prepare_lexicon.py swaps the two scores so
# `preferred` becomes top-1 for `reading`; nothing else moves.
# Candidates came from comparing our order with ChiaKey Lexicon's
# (tools/chiakey_export.py --reorder single); each row is our own call.
# reading	preferred	displaced
ㄅㄛˋ	播	擘
ㄅㄟ	背	悲
ㄅㄠˊ	薄	雹
ㄅㄢ	班	般
ㄅㄧㄥ	冰	兵
ㄆㄟˊ	陪	培
ㄆㄧˋ	屁	譬
ㄆㄧㄝ	撇	瞥
ㄆㄧㄠ	飄	漂
ㄆㄧㄠˇ	漂	瞟
ㄇㄚˊ	嘛	麻
ㄇㄛˊ	磨	模
ㄇㄣˊ	門	們
ㄇㄣˋ	悶	燜
ㄇㄧㄢˊ	棉	眠
ㄈㄢˋ	飯	範
ㄈㄤˇ	訪	放
ㄈㄨˋ	付	負
ㄉㄚˊ	答	達
ㄉㄞˋ	帶	代
ㄉㄠˇ	倒	導
ㄉㄧˊ	的	敵
ㄉㄧㄝˊ	跌	碟
ㄉㄧㄢˋ	店	電
ㄉㄨ	都	督
ㄉㄨㄛˇ	躲	朵
ㄉㄨㄣ	蹲	敦
ㄊㄠ	掏	濤
ㄊㄧ	踢	梯
ㄊㄧㄝˋ	帖	餮
ㄊㄧㄠˇ	挑	窕
ㄊㄧㄢˊ	填	田
ㄊㄨˇ	吐	土
ㄋㄞˇ	奶	乃
ㄋㄧˊ	泥	尼
ㄋㄧˋ	膩	逆
ㄋㄨㄛˊ	挪	哪
ㄌㄟˇ	累	壘
ㄌㄢˇ	懶	覽
ㄌㄢˊ	藍	蘭
ㄌㄧㄠˊ	聊	療
ㄌㄧㄤˋ	亮	量
ㄍㄞˋ	蓋	概
ㄍㄡ	勾	溝
ㄍㄥ	更	耕
ㄍㄨㄚ	瓜	括
ㄎㄨˋ	酷	庫
ㄎㄨㄥˋ	空	控
ㄏㄚˊ	蛤	蝦
ㄏㄜˊ	和	合
ㄏㄥ	哼	亨
ㄏㄨㄚˋ	話	化
ㄏㄨㄢˊ	還	環
ㄐㄧˇ	幾	己
ㄐㄧˋ	記	計
ㄐㄧㄠˋ	叫	較
ㄐㄧㄢˇ	減	檢
ㄐㄧㄢˋ	見	建
ㄐㄧㄣˋ	近	進
ㄐㄧㄥˋ	靜	境
ㄑㄧㄡˊ	球	求
ㄑㄧㄢˇ	淺	潛
ㄑㄧㄥ	輕	清
ㄑㄩㄢˋ	勸	券
ㄒㄧㄚ	瞎	蝦
ㄒㄧㄝˊ	斜	協
ㄒㄧㄠˋ	笑	校
ㄒㄧㄤˋ	向	相
ㄒㄩㄝˋ	血	穴
ㄓㄜ	遮	折
ㄓㄠ	招	著
ㄓㄢ	沾	詹
ㄓㄢˋ	站	戰
ㄓㄤˇ	漲	掌
ㄓㄥˋ	正	政
ㄓㄨ	豬	朱
ㄓㄨˋ	住	助
ㄔㄤˊ	常	長
ㄔㄨㄥˋ	衝	銃
ㄕㄨㄞˋ	帥	率
ㄕㄨㄟˋ	睡	稅
ㄖㄣˋ	認	任
ㄖㄨㄥˇ	冗	茸
ㄗㄡˋ	揍	奏
ㄗㄢˋ	讚	贊
ㄗㄨㄛˊ	昨	作
ㄗㄨㄛˋ	做	作
ㄘㄞˇ	踩	採
ㄙㄠˋ	掃	臊
ㄞ	唉	哀
ㄢˋ	按	案
ㄣ	嗯	恩
ㄧㄥˊ	贏	營
ㄨㄚ	哇	挖
ㄨㄤˇ	往	網
