ㄅㄚ	八	-8.161566
ㄅㄚ	吧	-7.420927
ㄅㄚ	峇	-14.455755
ㄅㄚ	巴	-10.202510
ㄅㄚ	捌	-14.301605
ㄅㄚ	疤	-11.903709
ㄅㄚ	粑	-12.692167
ㄅㄚ	芭	-12.735969
ㄅㄚˇ	靶	-12.486315
ㄅㄚˊ	拔	-8.851793
ㄅㄚˊ	跋	-12.429803
ㄅㄚˊ	鈸	-12.463325
ㄅㄚˊ	魃	-15.842050
ㄅㄚˋ	壩	-11.060129
ㄅㄚˋ	爸	-8.631970
ㄅㄚˋ	罷	-10.101186
ㄅㄚˋ	霸	-8.851793
ㄅㄚ˙	巴	-10.555468
ㄅㄚ˙	杷	-16.247515
ㄅㄚ˙	爸	-8.631970
ㄅㄚ˙	琶	-16.247515
ㄅㄛ	剝	-10.166438
ㄅㄛ	啵	-12.028007
ㄅㄛ	撥	-10.022956
ㄅㄛ	玻	-14.168073
ㄅㄛ	砵	-15.842050
ㄅㄛ	菠	-14.994752
ㄅㄛ	蔔	-15.331224
ㄅㄛˇ	簸	-13.251783
ㄅㄛˇ	跛	-10.775244
ㄅㄛˊ	伯	-11.257082
ㄅㄛˊ	勃	-12.028007
ㄅㄛˊ	博	-9.418262
ㄅㄛˊ	帛	-11.798999
ㄅㄛˊ	搏	-10.291678
ㄅㄛˊ	柏	-10.332661
ㄅㄛˊ	泊	-11.043508
ㄅㄛˊ	渤	-12.028007
ㄅㄛˊ	礴	-14.994752
ㄅㄛˊ	箔	-13.682566
ㄅㄛˊ	膊	-13.996223
ㄅㄛˊ	舶	-13.134000
ㄅㄛˊ	荸	-13.996223
ㄅㄛˊ	蔔	-15.554368
ㄅㄛˊ	薄	-8.863836
ㄅㄛˊ	鉑	-12.897611
ㄅㄛˊ	駁	-10.658395
ㄅㄛˋ	擘	-13.090514
ㄅㄛˋ	簸	-13.644825
ㄅㄛ˙	蔔	-15.657579
ㄅㄞˇ	佰	-15.554368
ㄅㄞˇ	擺	-8.992277
ㄅㄞˇ	百	-7.867746
ㄅㄞˇ	襬	-14.301605
ㄅㄞˊ	白	-7.245368
ㄅㄞˋ	唄	-12.846318
ㄅㄞˋ	拜	-9.655841
ㄅㄞˋ	稗	-14.375713
ㄅㄟ	卑	-12.065465
ㄅㄟ	埤	-12.692167
ㄅㄟ	悲	-10.777347
ㄅㄟ	揹	-9.940328
ㄅㄟ	杯	-8.800930
ㄅㄟ	盃	-13.444155
ㄅㄟˇ	北	-8.052181
ㄅㄟˋ	倍	-7.169792
ㄅㄟˋ	備	-9.751494
ㄅㄟˋ	悖	-13.251783
ㄅㄟˋ	憊	-15.657579
ㄅㄟˋ	焙	-12.355695
ㄅㄟˋ	狽	-14.375713
ㄅㄟˋ	背	-9.610912
ㄅㄟˋ	臂	-10.987419
ㄅㄟˋ	蓓	-13.608458
ㄅㄟˋ	貝	-11.166111
ㄅㄟˋ	輩	-9.794678
ㄅㄟ˙	唄	-12.766275
ㄅㄠ	包	-7.121045
ㄅㄠ	孢	-13.805168
ㄅㄠ	煲	-11.357166
ㄅㄠ	胞	-13.474926
ㄅㄠ	苞	-12.609929
ㄅㄠ	褒	-11.657458
ㄅㄠˇ	保	-9.370734
ㄅㄠˇ	堡	-12.440852
ㄅㄠˇ	葆	-15.657579
ㄅㄠˇ	褓	-14.994752
ㄅㄠˇ	飽	-9.254041
ㄅㄠˊ	雹	-14.107449
ㄅㄠˋ	刨	-10.616303
ㄅㄠˋ	報	-7.760472
ㄅㄠˋ	抱	-7.214568
ㄅㄠˋ	暴	-9.578017
ㄅㄠˋ	豹	-10.147196
ㄅㄠˋ	鮑	-10.401076
ㄅㄢ	扳	-12.020681
ㄅㄢ	搬	-9.719557
ㄅㄢ	斑	-10.550421
ㄅㄢ	瘢	-15.554368
ㄅㄢ	般	-8.107199
ㄅㄢ	頒	-11.804864
ㄅㄢˇ	坂	-12.042822
ㄅㄢˇ	板	-10.083148
ㄅㄢˇ	版	-8.312643
ㄅㄢˇ	粄	-12.766275
ㄅㄢˇ	舨	-15.554368
ㄅㄢˇ	鈑	-15.331224
ㄅㄢˇ	闆	-16.247515
ㄅㄢˇ	阪	-12.533943
ㄅㄢˋ	伴	-9.881044
ㄅㄢˋ	半	-7.437876
ㄅㄢˋ	扮	-9.886212
ㄅㄢˋ	拌	-8.864147
ㄅㄢˋ	瓣	-10.476074
ㄅㄢˋ	絆	-13.944930
ㄅㄢˋ	辦	-8.099069
ㄅㄣ	奔	-11.068544
ㄅㄣˋ	笨	-10.403970
ㄅㄤ	傍	-12.136641
ㄅㄤ	梆	-15.842050
ㄅㄤ	邦	-11.451724
ㄅㄤˇ	榜	-10.591523
ㄅㄤˇ	綁	-9.594652
ㄅㄤˋ	甏	-16.247515
ㄅㄤˋ	磅	-10.373990
ㄅㄤˋ	蒡	-13.896140
ㄅㄤˋ	蚌	-12.650203
ㄅㄤˋ	謗	-13.329744
ㄅㄤˋ	鎊	-13.028639
ㄅㄥ	繃	-12.267833
ㄅㄥˊ	甭	-12.915310
ㄅㄥˋ	泵	-14.050290
ㄅㄥˋ	蹦	-12.325542
ㄅㄥˋ	迸	-14.994752
ㄅㄧ	逼	-8.962694
ㄅㄧˇ	匕	-14.638077
ㄅㄧˇ	妣	-16.247515
ㄅㄧˇ	筆	-7.587001
ㄅㄧˇ	鄙	-12.355695
ㄅㄧˊ	鼻	-9.031540
ㄅㄧˋ	俾	-11.642345
ㄅㄧˋ	嗶	-10.650947
ㄅㄧˋ	埤	-11.747705
ㄅㄧˋ	壁	-10.021967
ㄅㄧˋ	婢	-12.231132
ㄅㄧˋ	幣	-11.916782
ㄅㄧˋ	庇	-14.455755
ㄅㄧˋ	弊	-10.385305
ㄅㄧˋ	弼	-12.558635
ㄅㄧˋ	必	-8.812962
ㄅㄧˋ	敝	-11.551590
ㄅㄧˋ	斃	-11.903709
ㄅㄧˋ	毖	-15.554368
ㄅㄧˋ	泌	-14.743438
ㄅㄧˋ	璧	-11.810763
ㄅㄧˋ	畢	-10.133833
ㄅㄧˋ	痹	-13.329744
ㄅㄧˋ	痺	-15.842050
ㄅㄧˋ	蔽	-12.195730
ㄅㄧˋ	裨	-14.542767
ㄅㄧˋ	賁	-14.050290
ㄅㄧˋ	蹕	-14.301605
ㄅㄧˋ	避	-9.028239
ㄅㄧˋ	陛	-13.762608
ㄅㄧˋ	髀	-15.331224
ㄅㄧㄝ	憋	-13.539465
ㄅㄧㄝ	鱉	-13.608458
ㄅㄧㄝˇ	癟	-13.805168
ㄅㄧㄝˊ	蹩	-13.896140
ㄅㄧㄝˋ	彆	-14.861221
ㄅㄧㄠ	嘌	-13.762608
ㄅㄧㄠ	彪	-13.849620
ㄅㄧㄠ	鏢	-12.880219
ㄅㄧㄠˇ	俵	-15.331224
ㄅㄧㄠˇ	婊	-15.554368
ㄅㄧㄠˇ	裱	-12.933329
ㄅㄧㄢ	煸	-13.682566
ㄅㄧㄢ	砭	-15.842050
ㄅㄧㄢ	編	-9.451809
ㄅㄧㄢ	蝙	-16.247515
ㄅㄧㄢ	邊	-7.765845
ㄅㄧㄢ	鞭	-12.533943
ㄅㄧㄢˇ	匾	-11.423209
ㄅㄧㄢˇ	褊	-14.375713
ㄅㄧㄢˇ	貶	-10.225279
ㄅㄧㄢˋ	便	-7.350448
ㄅㄧㄢˋ	卞	-13.156472
ㄅㄧㄢˋ	弁	-13.069461
ㄅㄧㄢˋ	汴	-14.743438
ㄅㄧㄢˋ	變	-7.871425
ㄅㄧㄢˋ	辮	-13.644825
ㄅㄧㄢˋ	辯	-11.233552
ㄅㄧㄢˋ	遍	-8.532837
ㄅㄧㄣ	斌	-12.345542
ㄅㄧㄣ	檳	-13.414302
ㄅㄧㄣ	濱	-11.853066
ㄅㄧㄣ	瀕	-9.530920
ㄅㄧㄣ	繽	-12.474754
ㄅㄧㄣ	賓	-11.865488
ㄅㄧㄣˋ	殯	-11.184920
ㄅㄧㄣˋ	鬢	-10.433384
ㄅㄧㄥ	兵	-9.834876
ㄅㄧㄥˇ	丙	-10.336718
ㄅㄧㄥˇ	柄	-11.435331
ㄅㄧㄥˇ	炳	-13.805168
ㄅㄧㄥˇ	秉	-11.878067
ㄅㄧㄥˇ	稟	-11.709553
ㄅㄧㄥˇ	餅	-9.606333
ㄅㄧㄥˋ	併	-11.135527
ㄅㄧㄥˋ	并	-13.008836
ㄅㄧㄥˋ	摒	-13.357143
ㄅㄨ	晡	-15.842050
ㄅㄨ	餔	-16.247515
ㄅㄨˇ	卜	-9.823457
ㄅㄨˇ	捕	-9.586300
ㄅㄨˇ	補	-8.221999
ㄅㄨˋ	佈	-10.460618
ㄅㄨˋ	埠	-11.395485
ㄅㄨˋ	布	-8.466168
ㄅㄨˋ	怖	-16.247515
ㄅㄨˋ	簿	-11.372318
ㄅㄨˋ	鈽	-12.474754
ㄆㄚ	啪	-11.798999
ㄆㄚ	葩	-13.539465
ㄆㄚ	趴	-11.391586
ㄆㄚˊ	扒	-12.429803
ㄆㄚˊ	杷	-14.455755
ㄆㄚˊ	琶	-14.301605
ㄆㄚˊ	耙	-12.583953
ㄆㄚˋ	帕	-13.048842
ㄆㄛ	波	-8.498192
ㄆㄛ	潑	-9.728368
ㄆㄛ	陂	-12.797527
ㄆㄛˇ	剖	-10.756513
ㄆㄛˇ	叵	-14.861221
ㄆㄛˇ	頗	-9.507587
ㄆㄛˋ	珀	-16.247515
ㄆㄛˋ	破	-8.698696
ㄆㄛˋ	迫	-11.169221
ㄆㄛ˙	婆	-9.815379
ㄆㄞ	拍	-8.296308
ㄆㄞˊ	俳	-12.345542
ㄆㄞˊ	徘	-14.050290
ㄆㄞˊ	排	-8.660965
ㄆㄞˋ	派	-8.299836
ㄆㄟ	呸	-10.545400
ㄆㄟ	坏	-14.542767
ㄆㄟ	胚	-12.345542
ㄆㄟˊ	培	-12.933329
ㄆㄟˊ	裴	-11.828674
ㄆㄟˊ	陪	-8.264587
ㄆㄟˋ	佩	-10.126119
ㄆㄟˋ	沛	-11.411233
ㄆㄟˋ	珮	-14.861221
ㄆㄟˋ	轡	-14.168073
ㄆㄟˋ	配	-9.221977
ㄆㄟˋ	霈	-14.301605
ㄆㄠ	拋	-10.835869
ㄆㄠˊ	匏	-14.994752
ㄆㄠˋ	皰	-14.861221
ㄆㄠˋ	砲	-10.879205
ㄆㄢ	潘	-11.150702
ㄆㄢˊ	蟠	-13.805168
ㄆㄢˊ	踫	-15.148903
ㄆㄢˊ	蹣	-15.554368
ㄆㄢˋ	判	-10.681081
ㄆㄢˋ	叛	-11.903709
ㄆㄢˋ	拚	-10.603836
ㄆㄢˋ	畔	-10.926947
ㄆㄢˋ	盼	-8.814735
ㄆㄤˊ	膀	-10.619894
ㄆㄤˊ	龐	-11.016406
ㄆㄤˋ	胖	-10.395312
ㄆㄥ	抨	-15.148903
ㄆㄥ	烹	-11.197659
ㄆㄥ	砰	-10.371181
ㄆㄥˇ	捧	-10.163015
ㄆㄥˊ	彭	-9.751494
ㄆㄥˊ	朋	-11.223634
ㄆㄥˊ	棚	-10.203695
ㄆㄥˊ	澎	-10.895657
ㄆㄥˊ	硼	-12.571214
ㄆㄥˊ	篷	-12.933329
ㄆㄥˊ	膨	-11.302307
ㄆㄥˊ	芃	-14.743438
ㄆㄥˊ	蓬	-13.944930
ㄆㄥˊ	鵬	-11.846912
ㄆㄥˋ	椪	-11.770178
ㄆㄥˋ	碰	-8.089858
ㄆㄧ	丕	-11.520127
ㄆㄧ	劈	-10.881539
ㄆㄧ	匹	-9.968056
ㄆㄧ	坯	-12.355695
ㄆㄧ	批	-8.820073
ㄆㄧ	披	-10.813793
ㄆㄧ	砒	-14.994752
ㄆㄧˇ	疋	-14.301605
ㄆㄧˇ	痞	-13.608458
ㄆㄧˇ	癖	-12.355695
ㄆㄧˊ	啤	-12.721154
ㄆㄧˊ	埤	-12.325542
ㄆㄧˊ	毗	-14.861221
ㄆㄧˊ	毘	-15.331224
ㄆㄧˊ	疲	-11.372318
ㄆㄧˊ	皮	-8.978246
ㄆㄧˊ	脾	-11.120579
ㄆㄧˊ	蜱	-15.554368
ㄆㄧˊ	陂	-13.644825
ㄆㄧˋ	僻	-15.554368
ㄆㄧˋ	埤	-12.013408
ㄆㄧˋ	屁	-11.250303
ㄆㄧˋ	癖	-12.498011
ㄆㄧˋ	譬	-12.721154
ㄆㄧˋ	辟	-12.677982
ㄆㄧˋ	闢	-10.842588
ㄆㄧˋ	鷿	-16.247515
ㄆㄧㄝ	瞥	-12.050313
ㄆㄧㄝˇ	撇	-15.657579
ㄆㄧㄠˊ	嫖	-13.227090
ㄆㄧㄠˊ	瓢	-13.134000
ㄆㄧㄣ	拼	-9.210048
ㄆㄧㄣˇ	品	-10.153945
ㄆㄧㄣˊ	嬪	-10.252307
ㄆㄧㄣˊ	蘋	-14.375713
ㄆㄧㄣˊ	貧	-7.196229
ㄆㄧㄣˊ	頻	-10.094782
ㄆㄧㄣˋ	聘	-10.177933
ㄆㄧㄥ	乒	-15.554368
ㄆㄧㄥˊ	坪	-7.399724
ㄆㄧㄥˊ	屏	-10.252307
ㄆㄧㄥˊ	平	-10.081047
ㄆㄧㄥˊ	憑	-8.360306
ㄆㄧㄥˊ	瓶	-9.875903
ㄆㄧㄥˊ	苹	-13.048842
ㄆㄧㄥˊ	蘋	-10.600303
ㄆㄧㄥˊ	評	-10.177933
ㄆㄧㄥˋ	聘	-10.153945
ㄆㄨ	仆	-12.721154
ㄆㄨ	噗	-11.298755
ㄆㄨ	撲	-10.424469
ㄆㄨ	舖	-10.951701
ㄆㄨˇ	埔	-11.342240
ㄆㄨˇ	普	-10.924505
ㄆㄨˇ	浦	-11.930027
ㄆㄨˇ	溥	-12.035387
ㄆㄨˊ	僕	-11.138544
ㄆㄨˊ	匍	-13.805168
ㄆㄨˊ	朴	-11.342240
ㄆㄨˊ	樸	-11.936716
ㄆㄨˊ	濮	-13.608458
ㄆㄨˊ	脯	-11.403328
ㄆㄨˊ	莆	-14.455755
ㄆㄨˊ	菩	-13.682566
ㄆㄨˊ	葡	-13.227090
ㄆㄨˊ	蒲	-12.650203
ㄆㄨˊ	蹼	-13.251783
ㄆㄨˋ	曝	-10.748300
ㄆㄨˋ	舖	-11.068544
ㄆㄨˋ	鋪	-8.752529
ㄇㄚ	嗎	-7.859633
ㄇㄚ	媽	-9.216657
ㄇㄚˇ	嘜	-11.916782
ㄇㄚˇ	碼	-9.979366
ㄇㄚˇ	螞	-14.994752
ㄇㄚˇ	馬	-8.247165
ㄇㄚˊ	嘛	-7.903604
ㄇㄚˋ	罵	-9.329809
ㄇㄛ	摸	-8.436149
ㄇㄛˇ	抹	-9.768238
ㄇㄛˊ	摩	-11.108780
ㄇㄛˊ	摸	-9.509955
ㄇㄛˊ	摹	-10.792194
ㄇㄛˊ	模	-10.517415
ㄇㄛˊ	磨	-10.024939
ㄇㄛˊ	膜	-10.148318
ㄇㄛˊ	魔	-10.148318
ㄇㄛˋ	万	-14.994752
ㄇㄛˋ	嘜	-12.781779
ㄇㄛˋ	寞	-15.554368
ㄇㄛˋ	末	-9.608947
ㄇㄛˋ	歿	-10.912384
ㄇㄛˋ	沫	-15.331224
ㄇㄛˋ	漠	-11.126532
ㄇㄛˋ	秣	-14.638077
ㄇㄛˋ	茉	-14.638077
ㄇㄛˋ	莫	-9.692869
ㄇㄛˋ	貘	-11.878067
ㄇㄛˋ	陌	-13.227090
ㄇㄛˋ	饃	-14.994752
ㄇㄛˋ	默	-10.428917
ㄇㄞˊ	埋	-9.834056
ㄇㄞˊ	霾	-10.418569
ㄇㄞˋ	脈	-10.256050
ㄇㄞˋ	邁	-12.766275
ㄇㄞˋ	麥	-10.026925
ㄇㄟˇ	每	-6.377739
ㄇㄟˇ	美	-7.353256
ㄇㄟˇ	鎂	-11.144604
ㄇㄟˊ	媒	-11.313041
ㄇㄟˊ	枚	-9.402699
ㄇㄟˊ	梅	-8.512956
ㄇㄟˊ	楣	-13.069461
ㄇㄟˊ	沒	-6.822587
ㄇㄟˊ	湄	-12.408063
ㄇㄟˊ	煤	-10.121738
ㄇㄟˊ	玫	-12.915310
ㄇㄟˊ	眉	-10.934309
ㄇㄟˊ	莓	-11.267339
ㄇㄟˊ	酶	-12.498011
ㄇㄟˊ	霉	-11.798999
ㄇㄟˊ	黴	-13.357143
ㄇㄟˋ	寐	-11.977817
ㄇㄟˋ	昧	-13.277100
ㄇㄟˋ	魅	-12.429803
ㄇㄟ˙	妹	-9.657214
ㄇㄠ	貓	-9.000791
ㄇㄠˇ	昴	-15.554368
ㄇㄠˇ	茆	-13.849620
ㄇㄠˊ	毛	-9.340760
ㄇㄠˊ	矛	-10.684912
ㄇㄠˊ	錨	-12.345542
ㄇㄠˊ	髦	-14.455755
ㄇㄠˋ	冒	-9.906274
ㄇㄠˋ	帽	-9.907156
ㄇㄠˋ	懋	-12.365951
ㄇㄠˋ	耄	-14.542767
ㄇㄠˋ	茂	-9.916013
ㄇㄠˋ	袤	-15.842050
ㄇㄠˋ	貌	-10.734086
ㄇㄠˋ	貿	-10.718086
ㄇㄡˇ	冇	-14.743438
ㄇㄡˊ	哞	-14.301605
ㄇㄢˇ	蟎	-12.583953
ㄇㄢˊ	埋	-9.739491
ㄇㄢˊ	瞞	-9.990806
ㄇㄢˊ	蠻	-8.710351
ㄇㄢˊ	蹣	-15.331224
ㄇㄢˊ	顢	-16.247515
ㄇㄢˊ	饅	-13.896140
ㄇㄢˋ	嫚	-14.107449
ㄇㄢˋ	幔	-13.805168
ㄇㄢˋ	慢	-9.345275
ㄇㄢˋ	曼	-12.408063
ㄇㄢˋ	漫	-10.418569
ㄇㄢˋ	鰻	-12.080850
ㄇㄣˇ	暪	-15.842050
ㄇㄣˊ	們	-5.736670
ㄇㄣˊ	穈	-16.247515
ㄇㄣˊ	門	-7.748588
ㄇㄤˇ	莽	-14.232612
ㄇㄤˇ	蟒	-12.020681
ㄇㄤˊ	氓	-12.880219
ㄇㄤˊ	芒	-11.144604
ㄇㄤˊ	茫	-11.291688
ㄇㄥˇ	懵	-13.227090
ㄇㄥˇ	猛	-9.362517
ㄇㄥˇ	錳	-12.169977
ㄇㄥˊ	朦	-13.277100
ㄇㄥˊ	檬	-14.861221
ㄇㄥˊ	濛	-14.861221
ㄇㄥˊ	盟	-11.804864
ㄇㄥˊ	矇	-12.509845
ㄇㄥˊ	萌	-10.147196
ㄇㄥˊ	虻	-13.069461
ㄇㄥˋ	孟	-10.183730
ㄇㄧ	咪	-11.642345
ㄇㄧ	瞇	-10.802935
ㄇㄧˇ	弭	-15.331224
ㄇㄧˇ	米	-8.684834
ㄇㄧˊ	彌	-11.334860
ㄇㄧˊ	瀰	-12.970370
ㄇㄧˊ	糜	-13.112021
ㄇㄧˊ	謎	-9.535166
ㄇㄧˊ	迷	-10.634387
ㄇㄧˊ	醚	-13.357143
ㄇㄧˊ	靡	-11.511316
ㄇㄧˊ	麋	-11.468391
ㄇㄧˋ	宓	-13.385314
ㄇㄧˋ	密	-9.046344
ㄇㄧˋ	泌	-14.455755
ㄇㄧˋ	祕	-12.249314
ㄇㄧˋ	秘	-11.822668
ㄇㄧˋ	糸	-14.375713
ㄇㄧˋ	蜜	-8.838076
ㄇㄧˋ	覓	-10.650947
ㄇㄧˋ	謐	-15.554368
ㄇㄧㄝ	咩	-12.813528
ㄇㄧㄝ	羋	-15.842050
ㄇㄧㄝˋ	篾	-12.846318
ㄇㄧㄝˋ	蔑	-16.247515
ㄇㄧㄠ	喵	-12.187072
ㄇㄧㄠˇ	杳	-13.277100
ㄇㄧㄠˇ	淼	-16.247515
ㄇㄧㄠˇ	渺	-13.179462
ㄇㄧㄠˇ	眇	-15.148903
ㄇㄧㄠˇ	秒	-9.705764
ㄇㄧㄠˇ	藐	-14.301605
ㄇㄧㄠˇ	邈	-13.277100
ㄇㄧㄠˊ	描	-11.781607
ㄇㄧㄠˊ	瞄	-10.418569
ㄇㄧㄠˋ	妙	-9.968056
ㄇㄧㄠˋ	廟	-9.905393
ㄇㄧㄡˋ	繆	-11.281180
ㄇㄧㄡˋ	謬	-12.623174
ㄇㄧㄢˇ	勉	-11.677972
ㄇㄧㄢˇ	緬	-10.833639
ㄇㄧㄢˊ	棉	-10.787929
ㄇㄧㄢˊ	眠	-10.768961
ㄇㄧㄢˊ	綿	-11.175471
ㄇㄧㄣˇ	憫	-13.090514
ㄇㄧㄣˇ	抿	-12.169977
ㄇㄧㄣˇ	敏	-12.915310
ㄇㄧㄣˇ	閔	-11.043508
ㄇㄧㄣˇ	閩	-9.505224
ㄇㄧㄣˊ	岷	-14.542767
ㄇㄧㄣˊ	玟	-14.455755
ㄇㄧㄥˊ	冥	-13.849620
ㄇㄧㄥˊ	名	-6.967462
ㄇㄧㄥˊ	明	-7.919305
ㄇㄧㄥˊ	暝	-13.156472
ㄇㄧㄥˊ	瞑	-14.301605
ㄇㄧㄥˊ	茗	-11.936716
ㄇㄧㄥˊ	螟	-14.375713
ㄇㄧㄥˊ	酩	-14.743438
ㄇㄧㄥˊ	銘	-10.694555
ㄇㄧㄥˊ	鳴	-10.076859
ㄇㄧㄥˋ	命	-7.064854
ㄇㄨˇ	姆	-12.452026
ㄇㄨˇ	拇	-12.766275
ㄇㄨˇ	母	-6.962345
ㄇㄨˇ	畝	-9.142960
ㄇㄨˊ	模	-10.771051
ㄇㄨˋ	募	-10.562236
ㄇㄨˋ	墓	-8.779287
ㄇㄨˋ	幕	-8.436149
ㄇㄨˋ	慕	-12.418874
ㄇㄨˋ	暮	-11.574686
ㄇㄨˋ	木	-8.319289
ㄇㄨˋ	沐	-10.818169
ㄇㄨˋ	牧	-10.388154
ㄇㄨˋ	目	-10.129418
ㄇㄨˋ	睦	-12.020681
ㄇㄨˋ	穆	-12.335492
ㄇㄨˋ	苜	-13.385314
ㄇㄨˋ	鶩	-14.542767
ㄈㄚˊ	乏	-9.668958
ㄈㄚˊ	罰	-9.567288
ㄈㄟ	啡	-11.923382
ㄈㄟ	妃	-10.082097
ㄈㄟ	緋	-13.996223
ㄈㄟ	菲	-10.856163
ㄈㄟ	霏	-13.805168
ㄈㄟ	飛	-7.506858
ㄈㄟ	鯡	-11.950229
ㄈㄟˇ	匪	-11.376142
ㄈㄟˇ	悱	-14.542767
ㄈㄟˇ	斐	-11.834717
ㄈㄟˇ	翡	-14.542767
ㄈㄟˇ	誹	-14.232612
ㄈㄟˊ	肥	-9.910689
ㄈㄟˋ	吠	-10.944210
ㄈㄟˋ	廢	-8.429286
ㄈㄟˋ	沸	-13.156472
ㄈㄟˋ	肺	-9.353859
ㄈㄟˋ	費	-9.956872
ㄈㄟˋ	鯡	-12.766275
ㄈㄢ	幡	-11.828674
ㄈㄢ	番	-9.004717
ㄈㄢ	翻	-9.027873
ㄈㄢ	蕃	-9.980314
ㄈㄢˇ	返	-9.174245
ㄈㄢˊ	凡	-9.647644
ㄈㄢˊ	帆	-10.053110
ㄈㄢˊ	煩	-9.848088
ㄈㄢˊ	燔	-14.301605
ㄈㄢˊ	璠	-15.842050
ㄈㄢˊ	繁	-11.688389
ㄈㄢˊ	藩	-10.039931
ㄈㄢˊ	釩	-14.861221
ㄈㄢˋ	梵	-13.506675
ㄈㄢˋ	汎	-13.849620
ㄈㄢˋ	泛	-10.031907
ㄈㄢˋ	犯	-9.404298
ㄈㄢˋ	範	-12.161539
ㄈㄢˋ	販	-12.144872
ㄈㄣ	棻	-16.247515
ㄈㄣ	氛	-14.743438
ㄈㄣ	紛	-10.336718
ㄈㄣ	芬	-14.107449
ㄈㄣ	酚	-11.419201
ㄈㄣ	雰	-15.148903
ㄈㄣˇ	粉	-9.256338
ㄈㄣˊ	墳	-10.188392
ㄈㄣˊ	棼	-15.842050
ㄈㄣˊ	汾	-11.657458
ㄈㄣˊ	焚	-10.543732
ㄈㄣˋ	奮	-12.452026
ㄈㄣˋ	忿	-11.637357
ㄈㄣˋ	憤	-9.995611
ㄈㄣˋ	糞	-9.783706
ㄈㄤ	坊	-10.412704
ㄈㄤ	方	-7.423278
ㄈㄤ	枋	-10.762718
ㄈㄤ	芳	-10.485464
ㄈㄤˇ	仿	-10.104403
ㄈㄤˇ	彷	-11.570024
ㄈㄤˇ	放	-7.423278
ㄈㄤˇ	紡	-10.596782
ㄈㄤˇ	訪	-8.312464
ㄈㄤˊ	妨	-12.989418
ㄈㄤˊ	肪	-14.743438
ㄈㄤˊ	防	-8.605231
ㄈㄤˊ	魴	-11.871758
ㄈㄤˋ	放	-6.372478
ㄈㄥ	丰	-12.863125
ㄈㄥ	封	-9.118618
ㄈㄥ	峰	-11.079876
ㄈㄥ	楓	-11.100020
ㄈㄥ	烽	-13.357143
ㄈㄥ	瘋	-9.799417
ㄈㄥ	蜂	-10.277529
ㄈㄥ	豐	-10.645396
ㄈㄥ	鋒	-11.263908
ㄈㄥˊ	逢	-9.466457
ㄈㄥˊ	馮	-10.669674
ㄈㄥˋ	俸	-12.781779
ㄈㄥˋ	奉	-10.422991
ㄈㄥˋ	縫	-9.765172
ㄈㄥˋ	諷	-11.637357
ㄈㄥˋ	鳳	-10.498122
ㄈㄨ	夫	-8.819182
ㄈㄨ	敷	-10.448422
ㄈㄨ	膚	-10.625304
ㄈㄨ	麩	-12.677982
ㄈㄨˇ	俯	-11.859258
ㄈㄨˇ	府	-9.071260
ㄈㄨˇ	撫	-10.679170
ㄈㄨˇ	斧	-10.997863
ㄈㄨˇ	甫	-9.277254
ㄈㄨˇ	脯	-12.533943
ㄈㄨˇ	腐	-10.092657
ㄈㄨˇ	腑	-12.050313
ㄈㄨˇ	莆	-16.247515
ㄈㄨˇ	輔	-11.834717
ㄈㄨˇ	釜	-13.202992
ㄈㄨˊ	伏	-10.525565
ㄈㄨˊ	俘	-12.267833
ㄈㄨˊ	孚	-12.429803
ㄈㄨˊ	巿	-10.656528
ㄈㄨˊ	幅	-7.696790
ㄈㄨˊ	彿	-14.861221
ㄈㄨˊ	扶	-8.804144
ㄈㄨˊ	拂	-11.172341
ㄈㄨˊ	服	-9.133559
ㄈㄨˊ	桴	-14.301605
ㄈㄨˊ	氟	-11.574686
ㄈㄨˊ	沸	-12.915310
ㄈㄨˊ	浮	-10.224067
ㄈㄨˊ	符	-11.032579
ㄈㄨˊ	縛	-11.853066
ㄈㄨˊ	芙	-12.028007
ㄈㄨˊ	茯	-14.375713
ㄈㄨˊ	蝠	-13.805168
ㄈㄨˊ	輻	-13.805168
ㄈㄨˊ	鳧	-14.301605
ㄈㄨˋ	付	-8.405825
ㄈㄨˋ	傅	-10.385305
ㄈㄨˋ	副	-8.356558
ㄈㄨˋ	婦	-9.825080
ㄈㄨˋ	富	-8.654897
ㄈㄨˋ	復	-8.861974
ㄈㄨˋ	父	-8.555173
ㄈㄨˋ	腹	-9.302946
ㄈㄨˋ	蝮	-13.474926
ㄈㄨˋ	複	-13.762608
ㄈㄨˋ	褔	-14.455755
ㄈㄨˋ	覆	-9.883625
ㄈㄨˋ	訃	-15.331224
ㄈㄨˋ	負	-8.710085
ㄈㄨˋ	賦	-10.746257
ㄈㄨˋ	赴	-7.373207
ㄈㄨˋ	阜	-13.251783
ㄈㄨˋ	附	-8.928312
ㄈㄨˋ	馥	-14.232612
ㄉㄚ	搭	-8.722145
ㄉㄚ	耷	-14.638077
ㄉㄚ	躂	-16.247515
ㄉㄚˊ	答	-9.490001
ㄉㄚˊ	達	-7.690236
ㄉㄞ	呆	-9.964314
ㄉㄞ	獃	-14.301605
ㄉㄞˇ	歹	-13.721786
ㄉㄞˋ	怠	-11.353413
ㄉㄞˋ	戴	-9.793103
ㄉㄞˋ	殆	-12.169977
ㄉㄞˋ	玳	-13.805168
ㄉㄞˋ	袋	-9.925848
ㄉㄞˋ	貸	-10.545400
ㄉㄞˋ	迨	-12.486315
ㄉㄠ	刀	-8.684314
ㄉㄠ	叨	-11.677972
ㄉㄠ	氘	-15.554368
ㄉㄠˇ	導	-9.788393
ㄉㄠˇ	搗	-10.439372
ㄉㄠˇ	擣	-15.842050
ㄉㄠˇ	禱	-12.365951
ㄉㄠˋ	盜	-10.358637
ㄉㄠˋ	稻	-10.045992
ㄉㄠˋ	蹈	-12.677982
ㄉㄡˇ	斗	-11.593555
ㄉㄡˋ	竇	-13.069461
ㄉㄡˋ	荳	-13.134000
ㄉㄡˋ	豆	-9.672439
ㄉㄡˋ	逗	-10.156205
ㄉㄡˋ	鬥	-10.898029
ㄉㄢ	丹	-10.044979
ㄉㄢ	擔	-9.757550
ㄉㄢ	簞	-14.861221
ㄉㄢ	耽	-13.414302
ㄉㄢ	鄲	-13.227090
ㄉㄢˇ	丼	-12.161539
ㄉㄢˇ	撢	-15.331224
ㄉㄢˇ	撣	-14.994752
ㄉㄢˇ	膽	-9.523682
ㄉㄢˋ	啖	-12.897611
ㄉㄢˋ	憚	-14.861221
ㄉㄢˋ	旦	-10.075814
ㄉㄢˋ	氮	-10.036915
ㄉㄢˋ	淡	-9.471578
ㄉㄢˋ	澹	-15.842050
ㄉㄢˋ	蛋	-8.475815
ㄉㄢˋ	誕	-15.148903
ㄉㄤ	襠	-14.455755
ㄉㄤ	鐺	-13.682566
ㄉㄤˇ	党	-12.509845
ㄉㄤˋ	宕	-15.148903
ㄉㄥ	燈	-8.730538
ㄉㄥ	登	-9.301501
ㄉㄥˋ	瞪	-10.893290
ㄉㄥˋ	鄧	-11.890806
ㄉㄧ	氐	-13.573366
ㄉㄧ	滴	-9.624114
ㄉㄧ	熵	-13.179462
ㄉㄧˇ	抵	-8.837470
ㄉㄧˇ	柢	-15.331224
ㄉㄧˇ	氐	-13.721786
ㄉㄧˇ	砥	-14.107449
ㄉㄧˇ	詆	-14.861221
ㄉㄧˇ	邸	-11.884416
ㄉㄧˊ	嘀	-15.657579
ㄉㄧˊ	嫡	-12.355695
ㄉㄧˊ	敵	-9.685071
ㄉㄧˊ	滌	-13.762608
ㄉㄧˊ	犒	-15.148903
ㄉㄧˊ	狄	-12.677982
ㄉㄧˊ	翟	-12.571214
ㄉㄧˊ	迪	-10.863020
ㄉㄧˋ	娣	-14.455755
ㄉㄧˋ	帝	-8.837470
ㄉㄧˋ	弟	-10.295571
ㄉㄧˋ	旳	-15.331224
ㄉㄧˋ	棣	-15.148903
ㄉㄧˋ	玓	-15.554368
ㄉㄧˋ	睇	-13.896140
ㄉㄧˋ	締	-13.227090
ㄉㄧˋ	蒂	-10.826980
ㄉㄧˋ	諦	-14.375713
ㄉㄧˋ	遞	-10.482324
ㄉㄧ˙	弟	-10.415632
ㄉㄧㄝ	爹	-9.827520
ㄉㄧㄝˊ	疊	-10.449939
ㄉㄧㄝˊ	碟	-11.775876
ㄉㄧㄝˊ	蝶	-10.584554
ㄉㄧㄝˊ	跌	-10.029911
ㄉㄧㄠ	凋	-13.805168
ㄉㄧㄠ	刁	-13.277100
ㄉㄧㄠ	叼	-12.440852
ㄉㄧㄠ	貂	-12.766275
ㄉㄧㄠ	雕	-10.760645
ㄉㄧㄠ	鯛	-12.721154
ㄉㄧㄠ	鵰	-12.296271
ㄉㄧㄠˇ	屌	-13.357143
ㄉㄧㄠˋ	吊	-10.058225
ㄉㄧㄠˋ	弔	-14.107449
ㄉㄧㄠˋ	釣	-10.995241
ㄉㄧㄢ	巔	-12.751007
ㄉㄧㄢ	掂	-13.644825
ㄉㄧㄢ	滇	-11.637357
ㄉㄧㄢ	癲	-14.375713
ㄉㄧㄢ	顛	-13.414302
ㄉㄧㄢˇ	典	-13.048842
ㄉㄧㄢˇ	碘	-11.129521
ㄉㄧㄢˇ	點	-6.759770
ㄉㄧㄢˋ	佃	-13.996223
ㄉㄧㄢˋ	墊	-11.102932
ㄉㄧㄢˋ	奠	-12.080850
ㄉㄧㄢˋ	店	-6.781099
ㄉㄧㄢˋ	殿	-8.693442
ㄉㄧㄢˋ	澱	-15.331224
ㄉㄧㄢˋ	玷	-15.148903
ㄉㄧㄢˋ	甸	-14.994752
ㄉㄧㄢˋ	踮	-11.637357
ㄉㄧㄢˋ	鈿	-14.861221
ㄉㄧㄢˋ	靛	-11.379980
ㄉㄧㄥ	丁	-11.197659
ㄉㄧㄥ	叮	-11.489624
ㄉㄧㄥ	町	-11.652395
ㄉㄧㄥ	盯	-9.631450
ㄉㄧㄥ	釘	-11.403328
ㄉㄧㄥˇ	頂	-6.586736
ㄉㄧㄥˇ	鼎	-12.006188
ㄉㄧㄥˋ	定	-8.932297
ㄉㄧㄥˋ	訂	-9.416641
ㄉㄨ	嘟	-12.365951
ㄉㄨ	督	-12.057860
ㄉㄨˇ	堵	-10.452978
ㄉㄨˇ	睹	-12.169977
ㄉㄨˇ	篤	-11.419201
ㄉㄨˇ	賭	-9.975582
ㄉㄨˊ	毒	-8.515146
ㄉㄨˊ	瀆	-15.657579
ㄉㄨˊ	犢	-12.951678
ㄉㄨˊ	獨	-8.862594
ㄉㄨˋ	妒	-13.805168
ㄉㄨˋ	杜	-11.391586
ㄉㄨˋ	渡	-10.411243
ㄉㄨˋ	肚	-10.120646
ㄉㄨㄛ	哆	-13.179462
ㄉㄨㄛˇ	朵	-10.436374
ㄉㄨㄛˇ	躲	-10.153945
ㄉㄨㄛˊ	奪	-10.550421
ㄉㄨㄛˊ	掇	-13.112021
ㄉㄨㄛˊ	鐸	-14.542767
ㄉㄨㄛˋ	剁	-11.607943
ㄉㄨㄛˋ	垛	-14.994752
ㄉㄨㄛˋ	墮	-13.444155
ㄉㄨㄛˋ	惰	-14.638077
ㄉㄨㄛˋ	舵	-12.153170
ㄉㄨㄛˋ	跺	-13.849620
ㄉㄨㄛˋ	踱	-13.608458
ㄉㄨㄟ	堆	-8.018137
ㄉㄨㄟˋ	隊	-9.595943
ㄉㄨㄢ	端	-8.721605
ㄉㄨㄢˇ	短	-8.252545
ㄉㄨㄢˋ	斷	-9.244449
ㄉㄨㄢˋ	緞	-12.440852
ㄉㄨㄢˋ	鍛	-13.202992
ㄉㄨㄣ	墩	-12.533943
ㄉㄨㄣ	敦	-12.706556
ㄉㄨㄣ	蹲	-10.586292
ㄉㄨㄣˇ	盹	-12.863125
ㄉㄨㄣˋ	噸	-9.402167
ㄉㄨㄣˋ	燉	-10.838103
ㄉㄨㄣˋ	盾	-11.742165
ㄉㄨㄣˋ	遁	-15.554368
ㄉㄨㄣˋ	遯	-13.896140
ㄉㄨㄣˋ	鈍	-12.065465
ㄉㄨㄣˋ	頓	-9.830783
ㄉㄨㄥ	冬	-9.817795
ㄉㄨㄥ	東	-9.379020
ㄉㄨㄥˇ	懂	-7.258570
ㄉㄨㄥˇ	董	-10.502910
ㄉㄨㄥˋ	棟	-9.544940
ㄉㄨㄥˋ	洞	-9.774396
ㄊㄚ	祂	-9.887076
ㄊㄚˇ	塔	-10.016050
ㄊㄚˋ	嗒	-14.301605
ㄊㄚˋ	拓	-12.933329
ㄊㄚˋ	撻	-13.996223
ㄊㄚˋ	榻	-13.048842
ㄊㄚˋ	沓	-13.385314
ㄊㄚˋ	獺	-14.638077
ㄊㄚˋ	踏	-10.471412
ㄊㄚˋ	躂	-15.554368
ㄊㄚˋ	遝	-15.842050
ㄊㄞ	胎	-9.382667
ㄊㄞˊ	台	-7.380087
ㄊㄞˊ	抬	-7.985988
ㄊㄞˊ	檯	-13.112021
ㄊㄞˊ	苔	-11.607943
ㄊㄞˊ	颱	-10.443887
ㄊㄞˋ	太	-6.048898
ㄊㄞˋ	態	-10.451457
ㄊㄞˋ	汰	-12.751007
ㄊㄞˋ	泰	-10.224067
ㄊㄞˋ	鈦	-11.068544
ㄊㄠ	叨	-11.511316
ㄊㄠ	掏	-10.865316
ㄊㄠ	濤	-13.069461
ㄊㄠ	絛	-15.331224
ㄊㄠ	韜	-12.677982
ㄊㄠ	饕	-15.842050
ㄊㄠˇ	討	-9.755275
ㄊㄠˊ	啕	-14.168073
ㄊㄠˊ	淘	-11.243569
ㄊㄠˊ	逃	-8.861354
ㄊㄠˋ	套	-8.053147
ㄊㄡ	偷	-8.188555
ㄊㄡˋ	透	-9.660654
ㄊㄢ	坍	-13.069461
ㄊㄢ	攤	-9.936688
ㄊㄢ	灘	-11.138544
ㄊㄢ	癱	-11.878067
ㄊㄢ	貪	-9.916013
ㄊㄢˇ	坦	-13.090514
ㄊㄢˇ	毯	-12.305933
ㄊㄢˇ	膻	-13.202992
ㄊㄢˇ	袒	-14.542767
ㄊㄢˊ	壇	-12.120381
ㄊㄢˊ	彈	-9.021670
ㄊㄢˊ	曇	-15.842050
ㄊㄢˊ	檀	-12.897611
ㄊㄢˊ	潭	-11.637357
ㄊㄢˊ	痰	-10.698439
ㄊㄢˊ	罈	-12.933329
ㄊㄢˊ	譚	-11.897237
ㄊㄢˊ	醰	-16.247515
ㄊㄢˋ	探	-10.177933
ㄊㄢˋ	歎	-10.987419
ㄊㄢˋ	炭	-10.798625
ㄊㄢˋ	碳	-8.971996
ㄊㄤ	湯	-9.007941
ㄊㄤ	蹚	-13.539465
ㄊㄤˇ	倘	-11.810763
ㄊㄤˇ	帑	-14.638077
ㄊㄤˇ	淌	-13.179462
ㄊㄤˇ	躺	-9.920471
ㄊㄤˊ	唐	-11.407273
ㄊㄤˊ	堂	-10.898029
ㄊㄤˊ	塘	-12.498011
ㄊㄤˊ	搪	-13.608458
ㄊㄤˊ	棠	-11.957055
ㄊㄤˊ	瑭	-16.247515
ㄊㄤˊ	膛	-13.944930
ㄊㄤˊ	螳	-15.554368
ㄊㄤˊ	踼	-15.842050
ㄊㄤˋ	燙	-11.141569
ㄊㄤˋ	趟	-9.866545
ㄊㄥˊ	滕	-13.996223
ㄊㄥˊ	疼	-10.460618
ㄊㄥˊ	藤	-10.698439
ㄊㄥˊ	謄	-14.455755
ㄊㄥˊ	騰	-10.956726
ㄊㄧ	剔	-12.408063
ㄊㄧ	梯	-11.391586
ㄊㄧˇ	体	-16.247515
ㄊㄧˇ	體	-6.937555
ㄊㄧˊ	啼	-11.999020
ㄊㄧˊ	堤	-10.865316
ㄊㄧˊ	緹	-12.751007
ㄊㄧˊ	荑	-15.842050
ㄊㄧˊ	蹄	-11.999020
ㄊㄧˊ	題	-9.255878
ㄊㄧˊ	鯷	-12.970370
ㄊㄧˊ	鵜	-13.608458
ㄊㄧˋ	剃	-12.397367
ㄊㄧˋ	剔	-12.474754
ㄊㄧˋ	嚏	-15.331224
ㄊㄧˋ	屜	-14.861221
ㄊㄧˋ	惕	-12.863125
ㄊㄧˋ	替	-6.688244
ㄊㄧˋ	涕	-15.554368
ㄊㄧˋ	薙	-14.861221
ㄊㄧˋ	銻	-13.156472
ㄊㄧˋ	鵜	-13.202992
ㄊㄧㄝ	貼	-8.944682
ㄊㄧㄝˇ	鐵	-9.187039
ㄊㄧㄠ	挑	-9.076242
ㄊㄧㄠˊ	條	-7.511267
ㄊㄧㄠˊ	苕	-16.247515
ㄊㄧㄠˊ	調	-9.300539
ㄊㄧㄠˊ	迢	-15.331224
ㄊㄧㄠˋ	糶	-12.509845
ㄊㄧㄠˋ	跳	-7.764189
ㄊㄧㄢ	添	-10.303404
ㄊㄧㄢˇ	忝	-14.743438
ㄊㄧㄢˇ	腆	-14.542767
ㄊㄧㄢˇ	舔	-12.846318
ㄊㄧㄢˊ	填	-10.193076
ㄊㄧㄢˊ	恬	-13.227090
ㄊㄧㄢˊ	甜	-10.160740
ㄊㄧㄢˊ	田	-9.181048
ㄊㄧㄢˊ	畑	-15.331224
ㄊㄧㄢˊ	闐	-14.301605
ㄊㄧㄥ	烴	-12.240182
ㄊㄧㄥˇ	挺	-8.786162
ㄊㄧㄥˇ	町	-10.530487
ㄊㄧㄥˇ	艇	-11.403328
ㄊㄧㄥˊ	亭	-10.593273
ㄊㄧㄥˊ	婷	-11.407273
ㄊㄧㄥˊ	庭	-10.433384
ㄊㄧㄥˊ	廷	-10.766876
ㄊㄧㄥˊ	霆	-15.842050
ㄊㄨˇ	吐	-8.726197
ㄊㄨˇ	土	-8.201126
ㄊㄨˇ	釷	-12.663996
ㄊㄨˊ	凸	-11.612786
ㄊㄨˊ	塗	-9.718096
ㄊㄨˊ	屠	-12.240182
ㄊㄨˊ	徒	-10.399632
ㄊㄨˊ	涂	-11.223634
ㄊㄨˊ	突	-10.399632
ㄊㄨˊ	荼	-16.247515
ㄊㄨˊ	途	-11.129521
ㄊㄨˋ	兔	-10.716104
ㄊㄨˋ	吐	-9.432972
ㄊㄨㄛ	拖	-9.373834
ㄊㄨㄛ	脫	-9.862321
ㄊㄨㄛ	託	-10.225279
ㄊㄨㄛ	魠	-13.805168
ㄊㄨㄛˇ	妥	-13.721786
ㄊㄨㄛˇ	庹	-13.762608
ㄊㄨㄛˇ	橢	-15.842050
ㄊㄨㄛˊ	佗	-14.168073
ㄊㄨㄛˊ	坨	-10.440875
ㄊㄨㄛˊ	沱	-13.944930
ㄊㄨㄛˊ	酡	-14.861221
ㄊㄨㄛˊ	陀	-11.742165
ㄊㄨㄛˊ	馱	-11.320261
ㄊㄨㄛˊ	駝	-12.296271
ㄊㄨㄛˊ	驒	-14.301605
ㄊㄨㄛˊ	鴕	-15.842050
ㄊㄨㄛˋ	唾	-12.897611
ㄊㄨㄟˇ	腿	-8.753641
ㄊㄨㄟˊ	頹	-12.623174
ㄊㄨㄟˋ	蛻	-12.187072
ㄊㄨㄟˋ	退	-10.267364
ㄊㄨㄢ	湍	-14.638077
ㄊㄨㄢˊ	摶	-13.539465
ㄊㄨㄣˊ	囤	-12.609929
ㄊㄨㄣˊ	屯	-11.720306
ㄊㄨㄣˊ	臀	-11.411233
ㄊㄨㄣˊ	豚	-12.315689
ㄊㄨㄣˋ	褪	-12.498011
ㄊㄨㄥ	恫	-14.861221
ㄊㄨㄥˇ	捅	-12.970370
ㄊㄨㄥˇ	桶	-8.743123
ㄊㄨㄥˇ	筒	-11.758879
ㄊㄨㄥˇ	統	-10.732072
ㄊㄨㄥˊ	仝	-13.762608
ㄊㄨㄥˊ	侗	-15.554368
ㄊㄨㄥˊ	僮	-14.107449
ㄊㄨㄥˊ	峒	-15.331224
ㄊㄨㄥˊ	桐	-11.178611
ㄊㄨㄥˊ	瞳	-14.232612
ㄊㄨㄥˊ	硐	-14.107449
ㄊㄨㄥˊ	童	-10.581088
ㄊㄨㄥˊ	酮	-13.896140
ㄊㄨㄥˊ	銅	-8.888366
ㄊㄨㄥˋ	慟	-13.608458
ㄊㄨㄥˋ	痛	-7.176954
ㄋㄚˊ	拏	-14.638077
ㄋㄚˋ	娜	-13.008836
ㄋㄚˋ	衲	-15.148903
ㄋㄚˋ	鈉	-10.822565
ㄋㄞˇ	乃	-9.745475
ㄋㄞˇ	奶	-9.816184
ㄋㄢ	囡	-14.455755
ㄋㄢˇ	湳	-13.849620
ㄋㄢˊ	南	-8.135887
ㄋㄢˊ	男	-7.690716
ㄋㄧˇ	妳	-8.779573
ㄋㄧˇ	擬	-8.854867
ㄋㄧˇ	昵	-14.994752
ㄋㄧˊ	倪	-11.709553
ㄋㄧˊ	尼	-11.298755
ㄋㄧˊ	怩	-13.385314
ㄋㄧˊ	泥	-9.313605
ㄋㄧˊ	霓	-14.301605
ㄋㄧˋ	匿	-12.325542
ㄋㄧˋ	暱	-15.554368
ㄋㄧˋ	睨	-12.781779
ㄋㄧˋ	逆	-9.918686
ㄋㄧㄝˋ	囁	-14.107449
ㄋㄧㄝˋ	孽	-13.329744
ㄋㄧㄝˋ	涅	-14.050290
ㄋㄧㄝˋ	聶	-13.762608
ㄋㄧㄝˋ	躡	-15.554368
ㄋㄧㄝˋ	鎳	-12.721154
ㄋㄧㄝˋ	鑷	-16.247515
ㄋㄧㄝˋ	齧	-14.994752
ㄋㄧㄠˇ	蔦	-13.539465
ㄋㄧㄠˇ	裊	-15.842050
ㄋㄧㄡˇ	扭	-9.908038
ㄋㄧㄡˇ	紐	-10.582820
ㄋㄧㄡˇ	鈕	-13.028639
ㄋㄧㄡˋ	拗	-11.560765
ㄋㄧㄢˇ	捻	-12.222163
ㄋㄧㄢˇ	撚	-16.247515
ㄋㄧㄢˇ	碾	-12.498011
ㄋㄧㄢˇ	輦	-14.168073
ㄋㄧㄢˇ	輾	-15.554368
ㄋㄧㄢˇ	鯰	-15.148903
ㄋㄧㄢˊ	哖	-14.301605
ㄋㄧㄢˊ	拈	-13.573366
ㄋㄧㄢˊ	粘	-13.251783
ㄋㄧㄢˊ	黏	-10.248578
ㄋㄧㄢˋ	唸	-9.556673
ㄋㄧㄢˋ	廿	-10.951701
ㄋㄧㄥˊ	嚀	-14.168073
ㄋㄧㄥˊ	擰	-12.418874
ㄋㄧㄥˊ	檸	-14.168073
ㄋㄧㄥˊ	甯	-13.944930
ㄋㄧㄥˋ	佞	-12.735969
ㄋㄧㄥˋ	濘	-14.301605
ㄋㄧㄥˋ	甯	-13.608458
ㄋㄨˇ	努	-14.168073
ㄋㄨˇ	弩	-11.309450
ㄋㄨˊ	奴	-10.263579
ㄋㄨˋ	怒	-9.143371
ㄋㄨㄛˊ	娜	-10.105057
ㄋㄨㄛˊ	挪	-9.662724
ㄋㄨㄛˋ	喏	-10.822565
ㄋㄨㄛˋ	懦	-15.331224
ㄋㄨㄛˋ	諾	-13.028639
ㄋㄨㄥˊ	儂	-14.107449
ㄋㄨㄥˊ	噥	-12.813528
ㄋㄨㄥˊ	穠	-14.168073
ㄋㄨㄥˊ	農	-9.671742
ㄋㄨㄥˋ	弄	-8.177860
ㄋㄩㄝˋ	瘧	-13.303076
ㄋㄩㄝˋ	謔	-13.896140
ㄌㄚ	啦	-8.224782
ㄌㄚ	拉	-8.952458
ㄌㄚ	菈	-15.148903
ㄌㄚˊ	旯	-15.554368
ㄌㄚˋ	腊	-15.554368
ㄌㄚˋ	臘	-11.677972
ㄌㄚˋ	蠟	-11.226929
ㄌㄚˋ	鱲	-16.247515
ㄌㄜˋ	勒	-9.834876
ㄌㄜˋ	垃	-14.861221
ㄌㄜˋ	捋	-13.028639
ㄌㄜˋ	肋	-9.922260
ㄌㄞˊ	徠	-14.743438
ㄌㄞˊ	萊	-12.020681
ㄌㄞˊ	錸	-15.331224
ㄌㄞˋ	瀨	-10.418569
ㄌㄞˋ	癩	-12.766275
ㄌㄞˋ	睞	-14.638077
ㄌㄞˋ	籟	-13.644825
ㄌㄞˋ	賚	-12.897611
ㄌㄟ	勒	-10.210838
ㄌㄟˇ	壘	-13.805168
ㄌㄟˇ	漯	-16.247515
ㄌㄟˇ	磊	-15.657579
ㄌㄟˊ	鐳	-15.554368
ㄌㄟˊ	雷	-9.922260
ㄌㄟˋ	擂	-12.970370
ㄌㄟˋ	淚	-9.490001
ㄌㄠ	撈	-10.807264
ㄌㄠˇ	佬	-13.090514
ㄌㄠˇ	姥	-14.107449
ㄌㄠˇ	荖	-13.112021
ㄌㄠˊ	嘮	-16.247515
ㄌㄠˊ	澇	-12.533943
ㄌㄠˊ	牢	-11.364713
ㄌㄠˊ	癆	-14.232612
ㄌㄠˊ	醪	-14.542767
ㄌㄠˋ	烙	-12.153170
ㄌㄠˋ	酪	-12.766275
ㄌㄡˇ	摟	-11.747705
ㄌㄡˇ	簍	-13.112021
ㄌㄡˊ	嘍	-12.558635
ㄌㄡˊ	婁	-13.644825
ㄌㄡˋ	陋	-13.682566
ㄌㄢˇ	懶	-10.180247
ㄌㄢˇ	攬	-10.535434
ㄌㄢˇ	欖	-12.596857
ㄌㄢˇ	覽	-11.498244
ㄌㄢˇ	醂	-12.258531
ㄌㄢˊ	婪	-16.247515
ㄌㄢˊ	嵐	-11.859258
ㄌㄢˊ	攔	-10.401076
ㄌㄢˊ	欄	-9.543101
ㄌㄢˊ	瀾	-13.251783
ㄌㄢˊ	籃	-9.732802
ㄌㄢˊ	蘭	-11.360932
ㄌㄢˊ	闌	-12.452026
ㄌㄢˋ	爛	-9.472149
ㄌㄤˇ	塱	-16.247515
ㄌㄤˇ	朗	-10.992627
ㄌㄤˇ	閬	-12.386785
ㄌㄤˊ	廊	-10.161877
ㄌㄤˊ	榔	-12.583953
ㄌㄤˊ	狼	-9.285745
ㄌㄤˊ	琅	-11.464199
ㄌㄤˊ	瑯	-15.842050
ㄌㄤˊ	莨	-15.842050
ㄌㄤˊ	郎	-10.752398
ㄌㄤˊ	鋃	-16.247515
ㄌㄤˋ	浪	-10.061306
ㄌㄥˊ	稜	-13.069461
ㄌㄥˋ	怔	-12.721154
ㄌㄥˋ	愣	-12.571214
ㄌㄥˋ	楞	-12.583953
ㄌㄧˇ	俚	-15.331224
ㄌㄧˇ	哩	-8.896036
ㄌㄧˇ	李	-6.902775
ㄌㄧˇ	浬	-10.371181
ㄌㄧˇ	理	-8.229548
ㄌㄧˇ	禮	-8.093015
ㄌㄧˇ	蠡	-14.455755
ㄌㄧˇ	裡	-6.643883
ㄌㄧˇ	豊	-15.148903
ㄌㄧˇ	醴	-15.148903
ㄌㄧˇ	里	-7.179314
ㄌㄧˇ	鋰	-10.974515
ㄌㄧˇ	鯉	-12.989418
ㄌㄧˇ	鱧	-15.331224
ㄌㄧˊ	厘	-12.721154
ㄌㄧˊ	梨	-9.043366
ㄌㄧˊ	漓	-14.743438
ㄌㄧˊ	犁	-10.311299
ㄌㄧˊ	犛	-13.444155
ㄌㄧˊ	狸	-12.623174
ㄌㄧˊ	璃	-15.842050
ㄌㄧˊ	籬	-12.596857
ㄌㄧˊ	縭	-15.842050
ㄌㄧˊ	罹	-8.896036
ㄌㄧˊ	藜	-11.114662
ㄌㄧˊ	蜊	-13.134000
ㄌㄧˊ	蠡	-14.542767
ㄌㄧˊ	貍	-13.329744
ㄌㄧˊ	釐	-11.150702
ㄌㄧˊ	離	-6.883381
ㄌㄧˊ	驪	-14.375713
ㄌㄧˊ	鱺	-16.247515
ㄌㄧˊ	鸝	-16.247515
ㄌㄧˊ	麗	-12.863125
ㄌㄧˊ	黎	-10.800778
ㄌㄧˋ	例	-6.747494
ㄌㄧˋ	俐	-15.554368
ㄌㄧˋ	儷	-13.849620
ㄌㄧˋ	利	-8.696328
ㄌㄧˋ	力	-7.939069
ㄌㄧˋ	勵	-13.179462
ㄌㄧˋ	厲	-10.879205
ㄌㄧˋ	吏	-10.422991
ㄌㄧˋ	慄	-14.375713
ㄌㄧˋ	戾	-14.232612
ㄌㄧˋ	曆	-12.429803
ㄌㄧˋ	栗	-12.546213
ㄌㄧˋ	櫟	-12.989418
ㄌㄧˋ	櫪	-16.247515
ㄌㄧˋ	歷	-10.308660
ㄌㄧˋ	瀝	-11.476830
ㄌㄧˋ	礪	-15.554368
ㄌㄧˋ	礫	-13.202992
ㄌㄧˋ	立	-8.172243
ㄌㄧˋ	笠	-12.222163
ㄌㄧˋ	粒	-8.702654
ㄌㄧˋ	荔	-12.144872
ㄌㄧˋ	莉	-10.386729
ㄌㄧˋ	蒞	-13.048842
ㄌㄧˋ	蠣	-12.781779
ㄌㄧˋ	詈	-14.743438
ㄌㄧˋ	酈	-13.644825
ㄌㄧˋ	隸	-10.289090
ㄌㄧˋ	麗	-12.846318
ㄌㄧㄝ	咧	-9.103502
ㄌㄧㄝˇ	咧	-10.177933
ㄌㄧㄝˋ	劣	-12.376314
ㄌㄧㄝˋ	烈	-10.289090
ㄌㄧㄝˋ	獵	-11.003126
ㄌㄧㄝˋ	裂	-12.376314
ㄌㄧㄠˇ	瞭	-12.558635
ㄌㄧㄠˇ	蓼	-14.994752
ㄌㄧㄠˊ	僚	-11.977817
ㄌㄧㄠˊ	寥	-14.743438
ㄌㄧㄠˊ	寮	-10.428917
ㄌㄧㄠˊ	撩	-10.966852
ㄌㄧㄠˊ	潦	-13.944930
ㄌㄧㄠˊ	燎	-13.644825
ㄌㄧㄠˊ	療	-11.003126
ㄌㄧㄠˊ	繚	-13.944930
ㄌㄧㄠˊ	聊	-7.850345
ㄌㄧㄠˊ	遼	-9.769005
ㄌㄧㄠˊ	鐐	-13.849620
ㄌㄧㄠˋ	廖	-9.719557
ㄌㄧㄠˋ	撂	-12.533943
ㄌㄧㄠˋ	料	-8.617782
ㄌㄧㄠˋ	燎	-13.444155
ㄌㄧㄡ	溜	-10.917214
ㄌㄧㄡˇ	綹	-12.397367
ㄌㄧㄡˊ	劉	-8.313718
ㄌㄧㄡˊ	榴	-13.805168
ㄌㄧㄡˊ	流	-9.093290
ㄌㄧㄡˊ	瀏	-15.331224
ㄌㄧㄡˊ	琉	-12.571214
ㄌㄧㄡˊ	留	-7.682580
ㄌㄧㄡˊ	瘤	-11.057340
ㄌㄧㄡˊ	硫	-11.088460
ㄌㄧㄡˊ	遛	-11.383834
ㄌㄧㄡˊ	鎏	-13.762608
ㄌㄧㄡˋ	餾	-16.247515
ㄌㄧㄢˇ	臉	-7.827714
ㄌㄧㄢˊ	廉	-10.507722
ㄌㄧㄢˊ	憐	-11.305872
ㄌㄧㄢˊ	漣	-14.301605
ㄌㄧㄢˊ	濂	-14.455755
ㄌㄧㄢˊ	簾	-12.267833
ㄌㄧㄢˊ	聯	-9.769005
ㄌㄧㄢˊ	蓮	-9.817795
ㄌㄧㄢˊ	鎌	-15.148903
ㄌㄧㄢˊ	鐮	-14.301605
ㄌㄧㄢˊ	鰱	-13.762608
ㄌㄧㄢˋ	戀	-10.502910
ㄌㄧㄢˋ	斂	-12.305933
ㄌㄧㄢˋ	楝	-15.842050
ㄌㄧㄢˋ	歛	-12.989418
ㄌㄧㄢˋ	殮	-13.805168
ㄌㄧㄢˋ	瀲	-13.444155
ㄌㄧㄢˋ	鍊	-11.632394
ㄌㄧㄢˋ	鏈	-9.192202
ㄌㄧㄣˇ	凜	-12.677982
ㄌㄧㄣˊ	淋	-9.955020
ㄌㄧㄣˊ	燐	-15.148903
ㄌㄧㄣˊ	琳	-12.195730
ㄌㄧㄣˊ	璘	-14.542767
ㄌㄧㄣˊ	磷	-10.849352
ㄌㄧㄣˊ	鄰	-10.612725
ㄌㄧㄣˊ	霖	-13.608458
ㄌㄧㄣˊ	鱗	-11.169221
ㄌㄧㄣˊ	麟	-12.721154
ㄌㄧㄣˋ	吝	-13.156472
ㄌㄧㄣˋ	藺	-11.859258
ㄌㄧㄤˊ	梁	-10.198961
ㄌㄧㄤˊ	樑	-10.346249
ㄌㄧㄤˊ	涼	-10.184893
ㄌㄧㄤˊ	粱	-13.682566
ㄌㄧㄤˊ	糧	-10.282651
ㄌㄧㄤˊ	良	-10.939247
ㄌㄧㄤˋ	亮	-9.000434
ㄌㄧㄤˋ	晾	-11.046259
ㄌㄧㄤˋ	諒	-12.970370
ㄌㄧㄤˋ	輛	-7.480497
ㄌㄧㄤˋ	量	-8.744225
ㄌㄧㄥ	拎	-10.242394
ㄌㄧㄥˇ	嶺	-11.108780
ㄌㄧㄥˇ	領	-8.390228
ㄌㄧㄥˊ	伶	-11.890806
ㄌㄧㄥˊ	凌	-10.844838
ㄌㄧㄥˊ	呤	-11.977817
ㄌㄧㄥˊ	怜	-15.842050
ㄌㄧㄥˊ	櫺	-14.542767
ㄌㄧㄥˊ	欞	-15.554368
ㄌㄧㄥˊ	泠	-13.202992
ㄌㄧㄥˊ	淩	-12.486315
ㄌㄧㄥˊ	玲	-14.375713
ㄌㄧㄥˊ	綾	-11.793168
ㄌㄧㄥˊ	羚	-14.375713
ㄌㄧㄥˊ	翎	-15.554368
ㄌㄧㄥˊ	聆	-13.179462
ㄌㄧㄥˊ	菱	-12.609929
ㄌㄧㄥˊ	鈴	-9.724687
ㄌㄧㄥˊ	陵	-11.156837
ㄌㄧㄥˊ	齡	-10.009190
ㄌㄧㄥˋ	令	-8.141755
ㄌㄨ	嚕	-12.057860
ㄌㄨˇ	擄	-11.493925
ㄌㄨˇ	櫓	-12.596857
ㄌㄨˇ	滷	-10.522297
ㄌㄨˇ	虜	-12.258531
ㄌㄨˇ	魯	-11.105851
ㄌㄨˇ	鹵	-12.345542
ㄌㄨˊ	廬	-12.692167
ㄌㄨˊ	瀘	-14.232612
ㄌㄨˊ	臚	-14.232612
ㄌㄨˊ	蘆	-13.202992
ㄌㄨˊ	顱	-11.395485
ㄌㄨˊ	鱸	-14.542767
ㄌㄨˋ	漉	-15.331224
ㄌㄨˋ	璐	-13.202992
ㄌㄨˋ	碌	-13.849620
ㄌㄨˋ	祿	-11.435331
ㄌㄨˋ	籙	-15.842050
ㄌㄨˋ	蓼	-15.331224
ㄌㄨˋ	轆	-13.805168
ㄌㄨˋ	逯	-14.542767
ㄌㄨˋ	錄	-9.718826
ㄌㄨˋ	陸	-7.804076
ㄌㄨˋ	露	-8.077895
ㄌㄨˋ	鷺	-13.414302
ㄌㄨˋ	鹿	-9.155357
ㄌㄨˋ	麓	-13.762608
ㄌㄨㄛ	囉	-8.101820
ㄌㄨㄛ	捋	-13.090514
ㄌㄨㄛˇ	裸	-10.681081
ㄌㄨㄛˇ	鎯	-16.247515
ㄌㄨㄛˊ	囉	-8.713019
ㄌㄨㄛˊ	摞	-15.331224
ㄌㄨㄛˊ	玀	-15.842050
ㄌㄨㄛˊ	籮	-12.766275
ㄌㄨㄛˊ	羅	-9.806568
ㄌㄨㄛˊ	蘿	-11.804864
ㄌㄨㄛˊ	螺	-10.756513
ㄌㄨㄛˊ	邏	-14.301605
ㄌㄨㄛˊ	鑼	-10.756513
ㄌㄨㄛˊ	騾	-12.187072
ㄌㄨㄛˋ	咯	-14.861221
ㄌㄨㄛˋ	洛	-12.153170
ㄌㄨㄛˋ	烙	-10.959248
ㄌㄨㄛˋ	犖	-15.148903
ㄌㄨㄛˋ	珞	-15.842050
ㄌㄨㄛˋ	絡	-11.593555
ㄌㄨㄛˋ	落	-9.793890
ㄌㄨㄛˋ	酪	-13.474926
ㄌㄨㄛˋ	雒	-15.148903
ㄌㄨㄛˋ	駱	-10.977083
ㄌㄨㄢˊ	孿	-15.148903
ㄌㄨㄢˊ	巒	-13.805168
ㄌㄨㄢˊ	欒	-12.315689
ㄌㄨㄢˊ	臠	-14.168073
ㄌㄨㄣˊ	侖	-13.944930
ㄌㄨㄣˊ	倫	-12.474754
ㄌㄨㄣˊ	掄	-9.372799
ㄌㄨㄣˊ	淪	-13.762608
ㄌㄨㄣˊ	綸	-11.236880
ㄌㄨㄣˊ	輪	-7.464349
ㄌㄨㄣˋ	論	-9.350821
ㄌㄨㄥˇ	壟	-12.766275
ㄌㄨㄥˇ	攏	-10.939247
ㄌㄨㄥˇ	隴	-12.429803
ㄌㄨㄥˊ	嚨	-14.455755
ㄌㄨㄥˊ	瀧	-12.692167
ㄌㄨㄥˊ	瓏	-13.573366
ㄌㄨㄥˊ	礱	-15.842050
ㄌㄨㄥˊ	籠	-9.671742
ㄌㄨㄥˊ	聾	-11.736655
ㄌㄨㄥˊ	蘢	-16.247515
ㄌㄨㄥˊ	隆	-10.586292
ㄌㄨㄥˊ	龍	-9.309715
ㄌㄨㄥˋ	弄	-8.834751
ㄌㄩˇ	侶	-14.994752
ㄌㄩˇ	呂	-9.125455
ㄌㄩˇ	屢	-8.920720
ㄌㄩˇ	履	-11.360932
ㄌㄩˇ	捋	-12.677982
ㄌㄩˇ	縷	-12.305933
ㄌㄩˇ	鋁	-10.315270
ㄌㄩˊ	閭	-14.861221
ㄌㄩˊ	驢	-11.138544
ㄌㄩˋ	律	-12.677982
ㄌㄩˋ	慮	-11.999020
ㄌㄩˋ	氯	-11.560765
ㄌㄩˋ	率	-8.606191
ㄌㄩˋ	綠	-8.090718
ㄍㄚ	嘎	-11.770178
ㄍㄚˋ	尬	-12.440852
ㄍㄜ	割	-8.934628
ㄍㄜ	哥	-9.395272
ㄍㄜ	擱	-10.100116
ㄍㄜ	歌	-7.728124
ㄍㄜ	鴿	-10.210838
ㄍㄜˇ	葛	-11.632394
ㄍㄜˊ	咯	-14.743438
ㄍㄜˊ	嗝	-14.301605
ㄍㄜˊ	格	-8.889959
ㄍㄜˊ	膈	-14.638077
ㄍㄜˊ	閣	-10.609160
ㄍㄜˊ	閤	-13.134000
ㄍㄜˊ	隔	-8.510335
ㄍㄜˊ	革	-11.798999
ㄍㄜˋ	箇	-15.842050
ㄍㄜˋ	鉻	-13.090514
ㄍㄞ	垓	-12.897611
ㄍㄞˇ	改	-8.458474
ㄍㄞˋ	丐	-12.187072
ㄍㄞˋ	概	-12.028007
ㄍㄞˋ	溉	-16.247515
ㄍㄞˋ	蓋	-7.489338
ㄍㄞˋ	鈣	-9.302946
ㄍㄠ	皋	-12.897611
ㄍㄠ	睪	-16.247515
ㄍㄠ	篙	-13.762608
ㄍㄠ	羔	-14.107449
ㄍㄠˇ	搞	-7.680199
ㄍㄠˇ	稿	-9.260486
ㄍㄠˇ	縞	-14.994752
ㄍㄠˇ	鎬	-14.107449
ㄍㄠˋ	告	-9.948566
ㄍㄠˋ	誥	-13.896140
ㄍㄠˋ	鋯	-15.148903
ㄍㄡ	溝	-9.508178
ㄍㄡ	篝	-14.994752
ㄍㄡˇ	狗	-8.148112
ㄍㄡˇ	笱	-15.148903
ㄍㄡˇ	苟	-12.863125
ㄍㄡˇ	茍	-14.542767
ㄍㄡˋ	垢	-11.999020
ㄍㄡˋ	媾	-14.861221
ㄍㄡˋ	搆	-12.813528
ㄍㄡˋ	構	-10.829195
ㄍㄡˋ	詬	-14.861221
ㄍㄢ	乾	-9.028239
ㄍㄢ	咁	-12.240182
ㄍㄢ	坩	-15.331224
ㄍㄢ	尷	-15.554368
ㄍㄢ	干	-11.016406
ㄍㄢ	杆	-14.743438
ㄍㄢ	柑	-11.916782
ㄍㄢ	泔	-14.994752
ㄍㄢ	矸	-14.994752
ㄍㄢ	肝	-9.208293
ㄍㄢ	酐	-16.247515
ㄍㄢˇ	感	-9.315555
ㄍㄢˇ	敢	-7.299514
ㄍㄢˇ	桿	-10.015067
ㄍㄢˇ	橄	-15.842050
ㄍㄢˇ	稈	-12.463325
ㄍㄢˇ	趕	-9.675232
ㄍㄢˋ	幹	-9.214449
ㄍㄢˋ	淦	-15.554368
ㄍㄢˋ	贛	-12.112348
ㄍㄣˊ	哏	-13.414302
ㄍㄣˋ	亙	-15.554368
ㄍㄤ	岡	-12.286702
ㄍㄤ	杠	-12.429803
ㄍㄤ	綱	-11.331190
ㄍㄤ	缸	-10.902791
ㄍㄤ	肛	-16.247515
ㄍㄤˋ	槓	-11.834717
ㄍㄥ	庚	-13.414302
ㄍㄥ	羹	-12.286702
ㄍㄥ	耕	-11.693638
ㄍㄥˇ	梗	-11.524562
ㄍㄥˇ	耿	-12.376314
ㄍㄥˋ	亙	-15.657579
ㄍㄨ	估	-9.934873
ㄍㄨ	咕	-10.412704
ㄍㄨ	姑	-11.005768
ㄍㄨ	孤	-10.287799
ㄍㄨ	沽	-13.573366
ㄍㄨ	痼	-16.247515
ㄍㄨ	菇	-9.239914
ㄍㄨ	蛄	-15.331224
ㄍㄨ	鈷	-13.996223
ㄍㄨˇ	榖	-13.251783
ㄍㄨˇ	牯	-13.506675
ㄍㄨˇ	盬	-15.331224
ㄍㄨˇ	穀	-10.287799
ㄍㄨˇ	罟	-15.148903
ㄍㄨˇ	股	-8.337842
ㄍㄨˇ	蠱	-12.013408
ㄍㄨˇ	谷	-9.580558
ㄍㄨˇ	轂	-14.232612
ㄍㄨˇ	骨	-8.964067
ㄍㄨˇ	鼓	-9.096421
ㄍㄨˊ	鶻	-14.050290
ㄍㄨˋ	僱	-13.028639
ㄍㄨˋ	固	-10.219236
ㄍㄨˋ	故	-8.447352
ㄍㄨˋ	痼	-16.247515
ㄍㄨˋ	錮	-14.168073
ㄍㄨˋ	雇	-11.511316
ㄍㄨ˙	姑	-11.178611
ㄍㄨㄚ	刮	-10.195426
ㄍㄨㄚ	括	-11.468391
ㄍㄨㄚ	瓜	-11.327534
ㄍㄨㄚ	蝸	-15.331224
ㄍㄨㄚ	颳	-11.338543
ㄍㄨㄚˇ	剮	-13.008836
ㄍㄨㄚˇ	寡	-11.213814
ㄍㄨㄚˋ	卦	-9.640189
ㄍㄨㄚˋ	掛	-8.517999
ㄍㄨㄛ	嘓	-15.842050
ㄍㄨㄛ	堝	-16.247515
ㄍㄨㄛ	鍋	-6.815672
ㄍㄨㄛˇ	果	-10.451457
ㄍㄨㄛˊ	國	-6.127405
ㄍㄨㄛˊ	幗	-16.247515
ㄍㄨㄛˊ	摑	-14.743438
ㄍㄨㄛˊ	虢	-15.331224
ㄍㄨㄛˋ	過	-5.677789
ㄍㄨㄟ	圭	-11.884416
ㄍㄨㄟ	瑰	-16.247515
ㄍㄨㄟ	皈	-15.842050
ㄍㄨㄟ	規	-10.982237
ㄍㄨㄟ	閨	-10.634387
ㄍㄨㄟ	鮭	-12.970370
ㄍㄨㄟ	龜	-10.096912
ㄍㄨㄟˇ	匭	-12.050313
ㄍㄨㄟˇ	晷	-13.414302
ㄍㄨㄟˇ	癸	-11.556167
ㄍㄨㄟˇ	詭	-15.554368
ㄍㄨㄟˇ	軌	-10.588033
ㄍㄨㄟˇ	鬼	-8.876969
ㄍㄨㄟˋ	桂	-11.135527
ㄍㄨㄟˋ	櫃	-10.368380
ㄍㄨㄟˋ	炔	-14.455755
ㄍㄨㄟˋ	貴	-7.617350
ㄍㄨㄟˋ	跪	-9.943066
ㄍㄨㄢ	官	-7.345331
ㄍㄨㄢ	棺	-10.459085
ㄍㄨㄢ	矜	-13.573366
ㄍㄨㄢ	綸	-13.303076
ㄍㄨㄢ	觀	-8.329250
ㄍㄨㄢ	關	-7.219836
ㄍㄨㄢˇ	管	-6.766194
ㄍㄨㄢˇ	莞	-13.762608
ㄍㄨㄢˇ	館	-8.099358
ㄍㄨㄢˋ	慣	-10.979657
ㄍㄨㄢˋ	摜	-14.107449
ㄍㄨㄢˋ	灌	-10.251063
ㄍㄨㄢˋ	罐	-9.425318
ㄍㄨㄢˋ	貫	-12.204464
ㄍㄨㄢˋ	鸛	-14.994752
ㄍㄨㄣˇ	袞	-15.842050
ㄍㄨㄣˇ	鯀	-14.638077
ㄍㄨㄥ	供	-6.389574
ㄍㄨㄥ	公	-7.520061
ㄍㄨㄥ	功	-9.187039
ㄍㄨㄥ	宮	-7.843155
ㄍㄨㄥ	工	-9.305358
ㄍㄨㄥ	弓	-10.105477
ㄍㄨㄥ	攻	-7.951343
ㄍㄨㄥ	觥	-15.554368
ㄍㄨㄥˇ	汞	-11.725726
ㄍㄨㄥˇ	鞏	-13.069461
ㄍㄨㄥˋ	供	-6.589448
ㄍㄨㄥˋ	共	-6.389574
ㄍㄨㄥˋ	摃	-14.994752
ㄍㄨㄥˋ	貢	-12.296271
ㄍㄨㄥ˙	公	-7.843155
ㄎㄜ	刻	-8.269547
ㄎㄜ	峇	-13.474926
ㄎㄜ	柯	-8.661472
ㄎㄜ	棵	-7.986247
ㄎㄜ	珂	-13.385314
ㄎㄜ	磕	-12.692167
ㄎㄜ	科	-9.799417
ㄎㄜ	苛	-13.227090
ㄎㄜ	蚵	-12.144872
ㄎㄜ	顆	-7.577257
ㄎㄜˇ	渴	-11.878067
ㄎㄜˊ	咳	-11.043508
ㄎㄜˊ	殼	-10.004319
ㄎㄜˋ	克	-10.325936
ㄎㄜˋ	嗑	-12.397367
ㄎㄜˋ	客	-10.865316
ㄎㄜˋ	恪	-13.134000
ㄎㄞ	揩	-13.277100
ㄎㄞˇ	凱	-11.260489
ㄎㄞˇ	愷	-12.249314
ㄎㄞˇ	楷	-9.980314
ㄎㄞˇ	鎧	-14.232612
ㄎㄞˋ	慨	-14.375713
ㄎㄠˇ	拷	-14.050290
ㄎㄠˇ	栲	-14.375713
ㄎㄠˇ	考	-9.084343
ㄎㄠˋ	犒	-15.554368
ㄎㄠˋ	銬	-11.943450
ㄎㄠˋ	靠	-7.571354
ㄎㄡ	摳	-12.571214
ㄎㄡˋ	叩	-12.249314
ㄎㄡˋ	寇	-12.386785
ㄎㄢ	刊	-10.537088
ㄎㄢ	勘	-11.725726
ㄎㄢ	堪	-10.612725
ㄎㄢ	戡	-15.842050
ㄎㄢ	龕	-11.704220
ㄎㄢˇ	侃	-13.357143
ㄎㄢˇ	坎	-11.372318
ㄎㄢˇ	崁	-12.355695
ㄎㄢˇ	嵌	-11.372318
ㄎㄢˇ	檻	-13.048842
ㄎㄢˇ	砍	-9.308261
ㄎㄢˋ	勘	-11.840796
ㄎㄢˋ	瞰	-13.762608
ㄎㄢˋ	磡	-13.179462
ㄎㄣˇ	啃	-10.479194
ㄎㄣˇ	墾	-12.813528
ㄎㄤ	康	-12.006188
ㄎㄤ	慷	-13.644825
ㄎㄤ	糠	-12.509845
ㄎㄤˇ	慷	-13.805168
ㄎㄤˊ	扛	-8.876026
ㄎㄤˋ	炕	-12.509845
ㄎㄥ	吭	-12.951678
ㄎㄥ	羥	-13.506675
ㄎㄥ	鏗	-16.247515
ㄎㄨ	哭	-8.555630
ㄎㄨ	挎	-13.849620
ㄎㄨ	枯	-10.547071
ㄎㄨ	窟	-11.029865
ㄎㄨ	骷	-15.554368
ㄎㄨˇ	苦	-9.001147
ㄎㄨˋ	庫	-10.756513
ㄎㄨˋ	褲	-12.222163
ㄎㄨˋ	酷	-9.995611
ㄎㄨㄚ	夸	-14.050290
ㄎㄨㄚˋ	胯	-12.028007
ㄎㄨㄛˋ	擴	-10.744218
ㄎㄨㄛˋ	闊	-9.151208
ㄎㄨㄟ	盔	-13.474926
ㄎㄨㄟ	窺	-10.838103
ㄎㄨㄟˊ	奎	-11.910224
ㄎㄨㄟˊ	揆	-11.533490
ㄎㄨㄟˊ	暌	-11.062926
ㄎㄨㄟˊ	睽	-12.376314
ㄎㄨㄟˊ	葵	-11.598328
ㄎㄨㄟˊ	逵	-14.301605
ㄎㄨㄟˊ	魁	-13.028639
ㄎㄨㄟˋ	喟	-14.861221
ㄎㄨㄟˋ	愧	-11.612786
ㄎㄨㄟˋ	潰	-12.386785
ㄎㄨㄟˋ	餽	-14.107449
ㄎㄨㄟˋ	饋	-13.474926
ㄎㄨㄣ	坤	-12.376314
ㄎㄨㄣ	崑	-14.455755
ㄎㄨㄣ	昆	-13.303076
ㄎㄨㄣ	錕	-14.232612
ㄎㄨㄣ	髡	-13.762608
ㄎㄨㄣ	鯤	-13.608458
ㄎㄨㄣˇ	壼	-14.050290
ㄎㄨㄣˇ	捆	-10.415632
ㄎㄨㄣˇ	綑	-12.989418
ㄎㄨㄣˋ	睏	-11.062926
ㄎㄨㄤ	匡	-10.977083
ㄎㄨㄤ	框	-9.872490
ㄎㄨㄤ	眶	-15.331224
ㄎㄨㄤ	筐	-11.977817
ㄎㄨㄤ	誆	-12.897611
ㄎㄨㄤˊ	狂	-8.056467
ㄎㄨㄤˊ	誑	-13.944930
ㄎㄨㄤˋ	曠	-13.506675
ㄎㄨㄤˋ	況	-12.897611
ㄎㄨㄤˋ	爌	-13.090514
ㄎㄨㄤˋ	眶	-15.554368
ㄎㄨㄥ	空	-9.004002
ㄎㄨㄥˇ	恐	-7.585442
ㄏㄚˊ	蛤	-13.682566
ㄏㄚˊ	蝦	-11.038029
ㄏㄜ	呵	-10.805097
ㄏㄜ	喝	-7.402674
ㄏㄜˊ	何	-7.987385
ㄏㄜˊ	合	-8.725926
ㄏㄜˊ	曷	-14.375713
ㄏㄜˊ	核	-9.272568
ㄏㄜˊ	河	-8.720259
ㄏㄜˊ	涸	-13.682566
ㄏㄜˊ	盒	-9.976526
ㄏㄜˊ	紇	-15.331224
ㄏㄜˊ	荷	-10.934309
ㄏㄜˊ	蝎	-14.743438
ㄏㄜˊ	覈	-15.331224
ㄏㄜˊ	貉	-13.805168
ㄏㄜˊ	閤	-11.731176
ㄏㄜˊ	闔	-13.329744
ㄏㄜˋ	賀	-13.008836
ㄏㄜˋ	赫	-11.200869
ㄏㄜˋ	鶴	-10.538745
ㄏㄞˊ	孩	-12.096475
ㄏㄞˊ	骸	-13.069461
ㄏㄞˋ	嗨	-8.400729
ㄏㄞˋ	害	-7.899214
ㄏㄠ	蒿	-12.813528
ㄏㄠˇ	郝	-9.922260
ㄏㄠˊ	嚎	-13.474926
ㄏㄠˊ	壕	-13.896140
ㄏㄠˊ	毫	-10.869924
ㄏㄠˊ	蠔	-12.880219
ㄏㄠˊ	豪	-10.399632
ㄏㄠˊ	貉	-14.861221
ㄏㄠˋ	昊	-15.331224
ㄏㄠˋ	浩	-13.329744
ㄏㄠˋ	涸	-14.743438
ㄏㄠˋ	皓	-10.909977
ㄏㄠˋ	耗	-9.850585
ㄏㄠˋ	鎬	-13.539465
ㄏㄡˇ	吼	-10.872236
ㄏㄡˊ	侯	-10.581088
ㄏㄡˊ	猴	-9.668958
ㄏㄡˋ	候	-11.667663
ㄏㄡˋ	厚	-7.365123
ㄏㄡˋ	逅	-14.994752
ㄏㄡˋ	鱟	-13.721786
ㄏㄢ	憨	-11.309450
ㄏㄢ	酣	-11.117616
ㄏㄢ	頇	-15.842050
ㄏㄢ	鼾	-13.996223
ㄏㄢˇ	喊	-8.912533
ㄏㄢˇ	罕	-10.395312
ㄏㄢˊ	函	-10.738127
ㄏㄢˊ	寒	-10.230139
ㄏㄢˊ	涵	-12.533943
ㄏㄢˊ	邯	-12.161539
ㄏㄢˋ	悍	-12.065465
ㄏㄢˋ	憾	-11.040765
ㄏㄢˋ	扞	-15.842050
ㄏㄢˋ	捍	-12.677982
ㄏㄢˋ	撼	-13.721786
ㄏㄢˋ	旱	-10.313944
ㄏㄢˋ	汗	-9.908038
ㄏㄢˋ	漢	-9.939416
ㄏㄢˋ	瀚	-13.277100
ㄏㄢˋ	焊	-12.766275
ㄏㄢˋ	翰	-11.431274
ㄏㄢˋ	菡	-15.148903
ㄏㄢˋ	銲	-14.994752
ㄏㄢˋ	頜	-14.301605
ㄏㄢˋ	頷	-13.227090
ㄏㄣˇ	狠	-10.692619
ㄏㄣˊ	痕	-11.108780
ㄏㄤ	夯	-8.957222
ㄏㄤˇ	酐	-15.842050
ㄏㄤˊ	杭	-12.829788
ㄏㄤˊ	桁	-15.554368
ㄏㄤˊ	航	-12.120381
ㄏㄤˋ	沆	-14.994752
ㄏㄥ	亨	-11.383834
ㄏㄥ	哼	-9.903634
ㄏㄥˊ	佷	-14.994752
ㄏㄥˊ	姮	-15.842050
ㄏㄥˊ	恒	-12.013408
ㄏㄥˊ	桁	-14.861221
ㄏㄥˊ	橫	-9.660654
ㄏㄥˊ	珩	-15.331224
ㄏㄥˊ	衡	-13.644825
ㄏㄨ	乎	-9.827520
ㄏㄨ	呼	-8.748092
ㄏㄨ	惚	-15.842050
ㄏㄨ	猢	-14.168073
ㄏㄨ	糊	-11.097118
ㄏㄨ	虎	-8.271263
ㄏㄨˇ	唬	-12.546213
ㄏㄨˇ	滸	-15.842050
ㄏㄨˇ	琥	-13.996223
ㄏㄨˇ	虎	-8.621920
ㄏㄨˊ	壺	-9.827520
ㄏㄨˊ	弧	-11.764512
ㄏㄨˊ	斛	-12.623174
ㄏㄨˊ	槲	-13.539465
ㄏㄨˊ	狐	-10.283936
ㄏㄨˊ	猢	-14.743438
ㄏㄨˊ	糊	-11.764512
ㄏㄨˊ	葫	-15.331224
ㄏㄨˊ	蝴	-16.247515
ㄏㄨˊ	鬍	-12.706556
ㄏㄨˊ	鶘	-15.842050
ㄏㄨˊ	鶻	-13.069461
ㄏㄨˋ	互	-10.283936
ㄏㄨˋ	戶	-8.148416
ㄏㄨˋ	戽	-15.331224
ㄏㄨˋ	扈	-12.195730
ㄏㄨˋ	滬	-10.283936
ㄏㄨˋ	瓠	-13.414302
ㄏㄨˋ	糊	-11.403328
ㄏㄨˋ	謢	-16.247515
ㄏㄨˋ	護	-8.998655
ㄏㄨㄚ	花	-7.219716
ㄏㄨㄚˊ	划	-9.933061
ㄏㄨㄚˊ	滑	-7.780248
ㄏㄨㄚˊ	猾	-13.644825
ㄏㄨㄚˊ	華	-8.258124
ㄏㄨㄚˊ	譁	-14.107449
ㄏㄨㄚˊ	鏵	-15.842050
ㄏㄨㄚˋ	劃	-11.498244
ㄏㄨㄚˋ	化	-7.791665
ㄏㄨㄚˋ	嬅	-16.247515
ㄏㄨㄛˇ	伙	-11.220350
ㄏㄨㄛˇ	夥	-10.647243
ㄏㄨㄛˋ	壑	-11.476830
ㄏㄨㄛˋ	惑	-10.679170
ㄏㄨㄛˋ	穫	-13.444155
ㄏㄨㄛˋ	蠖	-16.247515
ㄏㄨㄛˋ	鑊	-15.331224
ㄏㄨㄛˋ	霍	-10.838103
ㄏㄨㄞˊ	徊	-13.944930
ㄏㄨㄞˊ	懷	-8.925996
ㄏㄨㄞˊ	槐	-13.134000
ㄏㄨㄞˊ	淮	-12.296271
ㄏㄨㄞˊ	踝	-12.305933
ㄏㄨㄞˋ	壞	-8.895074
ㄏㄨㄟ	墮	-11.016406
ㄏㄨㄟ	徽	-11.667663
ㄏㄨㄟ	恢	-14.107449
ㄏㄨㄟ	揮	-9.551098
ㄏㄨㄟ	暉	-13.112021
ㄏㄨㄟ	灰	-9.225985
ㄏㄨㄟ	詼	-16.247515
ㄏㄨㄟ	輝	-11.305872
ㄏㄨㄟ	麾	-13.385314
ㄏㄨㄟˇ	悔	-10.107630
ㄏㄨㄟˇ	毀	-9.233599
ㄏㄨㄟˇ	虫	-12.509845
ㄏㄨㄟˇ	譭	-15.842050
ㄏㄨㄟˊ	洄	-14.542767
ㄏㄨㄟˊ	茴	-13.227090
ㄏㄨㄟˊ	迴	-10.214429
ㄏㄨㄟˋ	匯	-10.035911
ㄏㄨㄟˋ	卉	-12.951678
ㄏㄨㄟˋ	喙	-10.936775
ㄏㄨㄟˋ	彙	-13.134000
ㄏㄨㄟˋ	惠	-10.118465
ㄏㄨㄟˋ	慧	-9.972753
ㄏㄨㄟˋ	晦	-12.006188
ㄏㄨㄟˋ	燴	-10.688758
ㄏㄨㄟˋ	穢	-11.607943
ㄏㄨㄟˋ	繪	-9.775169
ㄏㄨㄟˋ	蕙	-11.464199
ㄏㄨㄟˋ	薈	-13.608458
ㄏㄨㄟˋ	諱	-12.452026
ㄏㄨㄟˋ	賄	-9.807366
ㄏㄨㄢ	歡	-10.110868
ㄏㄨㄢ	獾	-12.623174
ㄏㄨㄢˇ	浣	-11.853066
ㄏㄨㄢˇ	皖	-13.303076
ㄏㄨㄢˇ	緩	-9.260948
ㄏㄨㄢˊ	圜	-14.050290
ㄏㄨㄢˊ	寰	-15.148903
ㄏㄨㄢˊ	桓	-12.989418
ㄏㄨㄢˊ	環	-8.114515
ㄏㄨㄢˊ	鍰	-15.842050
ㄏㄨㄢˊ	鐶	-15.554368
ㄏㄨㄢˋ	喚	-9.721752
ㄏㄨㄢˋ	奐	-15.331224
ㄏㄨㄢˋ	幻	-10.869924
ㄏㄨㄢˋ	患	-8.389067
ㄏㄨㄢˋ	換	-8.031515
ㄏㄨㄢˋ	渙	-12.397367
ㄏㄨㄢˋ	煥	-13.608458
ㄏㄨㄣ	婚	-9.523682
ㄏㄨㄣ	昏	-11.383834
ㄏㄨㄣ	葷	-10.446908
ㄏㄨㄣˊ	渾	-13.944930
ㄏㄨㄣˋ	混	-8.967507
ㄏㄨㄤ	慌	-10.033907
ㄏㄨㄤ	荒	-10.949198
ㄏㄨㄤˇ	幌	-12.546213
ㄏㄨㄤˇ	恍	-11.003126
ㄏㄨㄤˇ	謊	-10.792194
ㄏㄨㄤˊ	凰	-12.583953
ㄏㄨㄤˊ	惶	-12.258531
ㄏㄨㄤˊ	煌	-12.558635
ㄏㄨㄤˊ	皇	-11.747705
ㄏㄨㄤˊ	磺	-11.977817
ㄏㄨㄤˊ	簧	-11.108780
ㄏㄨㄤˊ	蝗	-12.463325
ㄏㄨㄤˊ	遑	-13.179462
ㄏㄨㄤˊ	隍	-13.414302
ㄏㄨㄤˋ	晃	-9.867392
ㄏㄨㄥ	吽	-14.994752
ㄏㄨㄥ	哄	-10.361411
ㄏㄨㄥ	烘	-11.236880
ㄏㄨㄥ	焢	-11.764512
ㄏㄨㄥ	轟	-9.991765
ㄏㄨㄥ	魟	-13.849620
ㄏㄨㄥˊ	宏	-11.515712
ㄏㄨㄥˊ	弘	-11.274235
ㄏㄨㄥˊ	竑	-15.331224
ㄏㄨㄥˊ	紘	-14.994752
ㄏㄨㄥˊ	虹	-10.756513
ㄏㄨㄥˊ	閎	-14.743438
ㄏㄨㄥˊ	鴻	-14.542767
ㄏㄨㄥˊ	黌	-16.247515
ㄏㄨㄥˋ	鬨	-14.232612
ㄐㄧ	乩	-13.849620
ㄐㄧ	几	-11.291688
ㄐㄧ	嘰	-12.915310
ㄐㄧ	基	-10.071648
ㄐㄧ	姬	-10.917214
ㄐㄧ	屐	-15.148903
ㄐㄧ	机	-15.554368
ㄐㄧ	機	-8.489822
ㄐㄧ	激	-10.111950
ㄐㄧ	犄	-16.247515
ㄐㄧ	璣	-16.247515
ㄐㄧ	畸	-13.251783
ㄐㄧ	畿	-11.622542
ㄐㄧ	碁	-15.148903
ㄐㄧ	磯	-13.329744
ㄐㄧ	稽	-11.999020
ㄐㄧ	積	-9.122634
ㄐㄧ	笄	-14.232612
ㄐㄧ	箕	-12.222163
ㄐㄧ	績	-14.050290
ㄐㄧ	羈	-13.721786
ㄐㄧ	肌	-9.705764
ㄐㄧ	譏	-10.520667
ㄐㄧ	跡	-9.833237
ㄐㄧ	蹟	-14.301605
ㄐㄧ	躋	-14.994752
ㄐㄧ	雞	-7.740877
ㄐㄧ	霙	-15.554368
ㄐㄧ	飢	-11.489624
ㄐㄧ	饑	-11.236880
ㄐㄧˇ	己	-8.976854
ㄐㄧˇ	幾	-6.838734
ㄐㄧˇ	戟	-11.291688
ㄐㄧˇ	擠	-8.540677
ㄐㄧˇ	脊	-12.509845
ㄐㄧˇ	麂	-13.156472
ㄐㄧˊ	亟	-11.172341
ㄐㄧˊ	佶	-13.112021
ㄐㄧˊ	即	-7.087153
ㄐㄧˊ	唧	-12.915310
ㄐㄧˊ	圾	-15.331224
ㄐㄧˊ	嫉	-12.050313
ㄐㄧˊ	寂	-11.000491
ㄐㄧˊ	急	-7.732224
ㄐㄧˊ	戢	-14.455755
ㄐㄧˊ	擊	-9.035958
ㄐㄧˊ	棘	-12.463325
ㄐㄧˊ	楫	-13.156472
ㄐㄧˊ	極	-7.169906
ㄐㄧˊ	殛	-15.331224
ㄐㄧˊ	汲	-12.249314
ㄐㄧˊ	疾	-9.299098
ㄐㄧˊ	瘠	-13.277100
ㄐㄧˊ	笈	-13.896140
ㄐㄧˊ	籍	-10.600303
ㄐㄧˊ	級	-7.586481
ㄐㄧˊ	脊	-12.609929
ㄐㄧˊ	藉	-7.785412
ㄐㄧˊ	輯	-9.703603
ㄐㄧˊ	集	-7.854525
ㄐㄧˋ	伎	-12.933329
ㄐㄧˋ	冀	-10.076859
ㄐㄧˋ	劑	-9.417721
ㄐㄧˋ	妓	-11.150702
ㄐㄧˋ	季	-7.441316
ㄐㄧˋ	寄	-8.966473
ㄐㄧˋ	忌	-9.118618
ㄐㄧˋ	悸	-14.994752
ㄐㄧˋ	技	-9.959656
ㄐㄧˋ	既	-7.452690
ㄐㄧˋ	暨	-8.139644
ㄐㄧˋ	濟	-9.806568
ㄐㄧˋ	祭	-9.085893
ㄐㄧˋ	稷	-12.829788
ㄐㄧˋ	紀	-9.861478
ㄐㄧˋ	繼	-8.236160
ㄐㄧˋ	薊	-12.498011
ㄐㄧˋ	薺	-12.933329
ㄐㄧˋ	計	-8.461586
ㄐㄧˋ	記	-7.826282
ㄐㄧˋ	躋	-14.994752
ㄐㄧˋ	際	-7.950221
ㄐㄧˋ	霽	-13.444155
ㄐㄧˋ	驥	-13.329744
ㄐㄧˋ	髻	-12.169977
ㄐㄧˋ	鯽	-14.375713
ㄐㄧㄚ	佳	-8.995107
ㄐㄧㄚ	傢	-14.542767
ㄐㄧㄚ	嘉	-11.443494
ㄐㄧㄚ	枷	-12.933329
ㄐㄧㄚ	痂	-13.896140
ㄐㄧㄚ	茄	-12.096475
ㄐㄧㄚ	葭	-14.301605
ㄐㄧㄚ	鎵	-15.842050
ㄐㄧㄚˇ	假	-7.635012
ㄐㄧㄚˇ	岬	-13.385314
ㄐㄧㄚˇ	榎	-15.331224
ㄐㄧㄚˇ	甲	-9.089390
ㄐㄧㄚˇ	胛	-15.148903
ㄐㄧㄚˇ	賈	-11.451724
ㄐㄧㄚˇ	鉀	-11.542499
ㄐㄧㄚˊ	夾	-9.452928
ㄐㄧㄚˊ	挾	-10.881539
ㄐㄧㄚˊ	筴	-14.994752
ㄐㄧㄚˊ	莢	-13.573366
ㄐㄧㄚˊ	鋏	-15.842050
ㄐㄧㄚˊ	頰	-11.884416
ㄐㄧㄚˋ	價	-10.402522
ㄐㄧㄚˋ	嫁	-10.179089
ㄐㄧㄚˋ	架	-8.350033
ㄐㄧㄚˋ	稼	-14.050290
ㄐㄧㄚˋ	駕	-9.811365
ㄐㄧㄝ	偕	-10.130520
ㄐㄧㄝ	嗟	-12.509845
ㄐㄧㄝ	接	-7.482603
ㄐㄧㄝ	揭	-10.995241
ㄐㄧㄝ	皆	-7.275686
ㄐㄧㄝ	街	-8.680945
ㄐㄧㄝ	階	-10.119555
ㄐㄧㄝˇ	姊	-9.301982
ㄐㄧㄝˇ	解	-7.311019
ㄐㄧㄝˊ	偈	-11.890806
ㄐㄧㄝˊ	傑	-9.702884
ㄐㄧㄝˊ	劫	-9.976526
ㄐㄧㄝˊ	婕	-12.418874
ㄐㄧㄝˊ	孑	-14.861221
ㄐㄧㄝˊ	截	-9.610257
ㄐㄧㄝˊ	拮	-15.331224
ㄐㄧㄝˊ	捷	-11.464199
ㄐㄧㄝˊ	擷	-13.721786
ㄐㄧㄝˊ	杰	-12.335492
ㄐㄧㄝˊ	桀	-11.916782
ㄐㄧㄝˊ	桔	-12.521821
ㄐㄧㄝˊ	櫛	-13.474926
ㄐㄧㄝˊ	潔	-10.287799
ㄐㄧㄝˊ	睫	-13.608458
ㄐㄧㄝˊ	碣	-15.842050
ㄐㄧㄝˊ	竭	-13.048842
ㄐㄧㄝˊ	節	-8.815919
ㄐㄧㄝˊ	結	-8.823350
ㄐㄧㄝˊ	絜	-13.048842
ㄐㄧㄝˊ	詰	-13.385314
ㄐㄧㄝˊ	頡	-14.232612
ㄐㄧㄝˋ	介	-10.257301
ㄐㄧㄝˋ	借	-7.879518
ㄐㄧㄝˋ	屆	-7.277401
ㄐㄧㄝˋ	戒	-9.538211
ㄐㄧㄝˋ	玠	-14.638077
ㄐㄧㄝˋ	界	-10.129418
ㄐㄧㄝˋ	疥	-13.156472
ㄐㄧㄝˋ	誡	-13.112021
ㄐㄧㄠ	交	-8.273154
ㄐㄧㄠ	姣	-16.247515
ㄐㄧㄠ	嬌	-11.579370
ㄐㄧㄠ	教	-7.452160
ㄐㄧㄠ	椒	-11.570024
ㄐㄧㄠ	澆	-10.303404
ㄐㄧㄠ	焦	-11.008417
ㄐㄧㄠ	礁	-11.226929
ㄐㄧㄠ	膠	-11.460023
ㄐㄧㄠ	茭	-11.950229
ㄐㄧㄠ	蕉	-13.008836
ㄐㄧㄠ	蛟	-13.506675
ㄐㄧㄠ	跤	-11.652395
ㄐㄧㄠ	郊	-13.008836
ㄐㄧㄠ	驕	-12.204464
ㄐㄧㄠ	鮫	-14.301605
ㄐㄧㄠˇ	佼	-13.996223
ㄐㄧㄠˇ	僥	-16.247515
ㄐㄧㄠˇ	剿	-12.452026
ㄐㄧㄠˇ	勦	-16.247515
ㄐㄧㄠˇ	姣	-16.247515
ㄐㄧㄠˇ	徼	-15.148903
ㄐㄧㄠˇ	攪	-11.451724
ㄐㄧㄠˇ	狡	-15.148903
ㄐㄧㄠˇ	皎	-13.721786
ㄐㄧㄠˇ	矯	-14.301605
ㄐㄧㄠˇ	筊	-11.714915
ㄐㄧㄠˇ	絞	-11.657458
ㄐㄧㄠˇ	繳	-9.606333
ㄐㄧㄠˇ	腳	-8.238152
ㄐㄧㄠˇ	角	-8.940984
ㄐㄧㄠˇ	鉸	-15.554368
ㄐㄧㄠˇ	餃	-13.277100
ㄐㄧㄠˊ	嚼	-11.046259
ㄐㄧㄠˋ	叫	-6.746148
ㄐㄧㄠˋ	嶠	-13.805168
ㄐㄧㄠˋ	徼	-15.331224
ㄐㄧㄠˋ	窖	-13.277100
ㄐㄧㄠˋ	較	-7.357862
ㄐㄧㄠˋ	轎	-10.193076
ㄐㄧㄠˋ	醮	-13.069461
ㄐㄧㄡ	啾	-12.766275
ㄐㄧㄡ	揪	-8.965785
ㄐㄧㄡ	糾	-12.509845
ㄐㄧㄡˇ	久	-7.424972
ㄐㄧㄡˇ	九	-8.735170
ㄐㄧㄡˇ	灸	-10.990020
ㄐㄧㄡˇ	糾	-12.706556
ㄐㄧㄡˇ	酒	-7.488396
ㄐㄧㄡˇ	韭	-12.258531
ㄐㄧㄡˋ	咎	-10.446908
ㄐㄧㄡˋ	廄	-13.506675
ㄐㄧㄡˋ	救	-8.920063
ㄐㄧㄡˋ	疚	-15.331224
ㄐㄧㄡˋ	究	-10.446908
ㄐㄧㄡˋ	臼	-12.296271
ㄐㄧㄡˋ	舊	-8.499918
ㄐㄧㄡˋ	鷲	-14.107449
ㄐㄧㄢ	兼	-8.382327
ㄐㄧㄢ	堅	-10.542067
ㄐㄧㄢ	奸	-11.598328
ㄐㄧㄢ	姦	-13.444155
ㄐㄧㄢ	尖	-9.861478
ㄐㄧㄢ	殲	-12.386785
ㄐㄧㄢ	煎	-9.337762
ㄐㄧㄢ	監	-10.130520
ㄐㄧㄢ	箋	-11.515712
ㄐㄧㄢ	緘	-15.554368
ㄐㄧㄢ	肩	-8.850260
ㄐㄧㄢ	艱	-13.069461
ㄐㄧㄢ	菅	-13.996223
ㄐㄧㄢ	蒹	-15.842050
ㄐㄧㄢ	間	-7.391851
ㄐㄧㄢ	鰹	-14.301605
ㄐㄧㄢ	鶼	-14.301605
ㄐㄧㄢˇ	儉	-11.853066
ㄐㄧㄢˇ	剪	-9.328325
ㄐㄧㄢˇ	囝	-14.638077
ㄐㄧㄢˇ	揀	-11.612786
ㄐㄧㄢˇ	撿	-8.511863
ㄐㄧㄢˇ	柬	-13.608458
ㄐㄧㄢˇ	檢	-10.900407
ㄐㄧㄢˇ	減	-7.594742
ㄐㄧㄢˇ	瞼	-16.247515
ㄐㄧㄢˇ	筧	-16.247515
ㄐㄧㄢˇ	簡	-10.040939
ㄐㄧㄢˇ	繭	-10.838103
ㄐㄧㄢˇ	翦	-15.331224
ㄐㄧㄢˇ	蹇	-13.179462
ㄐㄧㄢˇ	鹼	-10.679170
ㄐㄧㄢˋ	件	-6.681215
ㄐㄧㄢˋ	健	-10.692619
ㄐㄧㄢˋ	僭	-13.008836
ㄐㄧㄢˋ	劍	-8.423669
ㄐㄧㄢˋ	建	-8.250693
ㄐㄧㄢˋ	漸	-9.053453
ㄐㄧㄢˋ	澗	-13.277100
ㄐㄧㄢˋ	濺	-12.213274
ㄐㄧㄢˋ	箭	-9.596589
ㄐㄧㄢˋ	腱	-13.539465
ㄐㄧㄢˋ	艦	-10.324597
ㄐㄧㄢˋ	薦	-13.090514
ㄐㄧㄢˋ	諫	-13.112021
ㄐㄧㄢˋ	賤	-10.621694
ㄐㄧㄢˋ	踐	-13.474926
ㄐㄧㄢˋ	鍵	-11.207321
ㄐㄧㄢˋ	鑑	-12.355695
ㄐㄧㄢˋ	鑒	-12.706556
ㄐㄧㄣ	今	-7.472043
ㄐㄧㄣ	斤	-9.154110
ㄐㄧㄣ	津	-11.511316
ㄐㄧㄣ	筋	-10.109788
ㄐㄧㄣ	衿	-14.232612
ㄐㄧㄣ	襟	-12.897611
ㄐㄧㄣ	金	-8.661980
ㄐㄧㄣˇ	僅	-7.081074
ㄐㄧㄣˇ	堇	-14.232612
ㄐㄧㄣˇ	瑾	-13.357143
ㄐㄧㄣˇ	緊	-8.894433
ㄐㄧㄣˇ	覲	-12.080850
ㄐㄧㄣˇ	謹	-10.295571
ㄐㄧㄣˇ	錦	-10.946701
ㄐㄧㄣˋ	儘	-10.688758
ㄐㄧㄣˋ	勁	-10.118465
ㄐㄧㄣˋ	噤	-15.842050
ㄐㄧㄣˋ	妗	-16.247515
ㄐㄧㄣˋ	晉	-9.934873
ㄐㄧㄣˋ	浸	-10.684912
ㄐㄧㄣˋ	燼	-15.842050
ㄐㄧㄣˋ	盡	-8.874141
ㄐㄧㄣˋ	禁	-9.424229
ㄐㄧㄣˋ	縉	-14.168073
ㄐㄧㄣˋ	覲	-12.829788
ㄐㄧㄣˋ	進	-7.177990
ㄐㄧㄣˋ	靳	-13.303076
ㄐㄧㄤ	僵	-11.349675
ㄐㄧㄤ	姜	-11.345951
ㄐㄧㄤ	殭	-15.331224
ㄐㄧㄤ	江	-8.756148
ㄐㄧㄤ	漿	-11.320261
ㄐㄧㄤ	疆	-13.608458
ㄐㄧㄤ	薑	-10.956726
ㄐㄧㄤ	韁	-14.232612
ㄐㄧㄤˇ	槳	-11.423209
ㄐㄧㄤˋ	匠	-12.386785
ㄐㄧㄤˋ	彊	-14.107449
ㄐㄧㄤˋ	絳	-13.762608
ㄐㄧㄤˋ	醬	-11.298755
ㄐㄧㄤˋ	降	-9.009377
ㄐㄧㄥ	京	-9.218870
ㄐㄧㄥ	兢	-15.331224
ㄐㄧㄥ	晶	-11.323891
ㄐㄧㄥ	睛	-11.464199
ㄐㄧㄥ	粳	-14.861221
ㄐㄧㄥ	精	-8.924674
ㄐㄧㄥ	荊	-12.161539
ㄐㄧㄥ	莖	-9.918686
ㄐㄧㄥ	菁	-13.251783
ㄐㄧㄥ	驚	-8.836865
ㄐㄧㄥ	鯨	-9.935780
ㄐㄧㄥ	黥	-14.542767
ㄐㄧㄥˇ	丼	-12.440852
ㄐㄧㄥˇ	井	-8.405040
ㄐㄧㄥˇ	儆	-12.153170
ㄐㄧㄥˇ	憬	-16.247515
ㄐㄧㄥˇ	璟	-13.156472
ㄐㄧㄥˇ	警	-9.320938
ㄐㄧㄥˇ	頸	-9.900126
ㄐㄧㄥˋ	境	-8.111582
ㄐㄧㄥˋ	徑	-11.243569
ㄐㄧㄥˋ	敬	-9.842286
ㄐㄧㄥˋ	淨	-9.796255
ㄐㄧㄥˋ	竟	-7.872000
ㄐㄧㄥˋ	競	-10.652804
ㄐㄧㄥˋ	脛	-14.455755
ㄐㄧㄥˋ	逕	-10.445397
ㄐㄧㄥˋ	鏡	-9.047837
ㄐㄧㄥˋ	靖	-12.571214
ㄐㄧㄥˋ	靚	-11.810763
ㄐㄧㄥˋ	靜	-8.757544
ㄐㄩ	居	-8.807956
ㄐㄩ	拘	-11.383834
ㄐㄩ	琚	-16.247515
ㄐㄩ	疽	-14.050290
ㄐㄩ	裾	-15.842050
ㄐㄩ	趄	-15.554368
ㄐㄩ	駒	-12.509845
ㄐㄩˇ	咀	-14.994752
ㄐㄩˇ	櫸	-13.357143
ㄐㄩˇ	矩	-12.509845
ㄐㄩˇ	舉	-8.007262
ㄐㄩˇ	莒	-13.227090
ㄐㄩˇ	蒟	-13.329744
ㄐㄩˇ	袓	-14.375713
ㄐㄩˊ	侷	-16.247515
ㄐㄩˊ	局	-7.844723
ㄐㄩˊ	掬	-13.048842
ㄐㄩˊ	橘	-11.353413
ㄐㄩˊ	焗	-11.798999
ㄐㄩˊ	菊	-10.714125
ㄐㄩˊ	鞠	-12.267833
ㄐㄩˋ	佢	-13.444155
ㄐㄩˋ	俱	-9.968056
ㄐㄩˋ	倨	-14.743438
ㄐㄩˋ	劇	-8.389841
ㄐㄩˋ	句	-7.724240
ㄐㄩˋ	屨	-14.994752
ㄐㄩˋ	巨	-10.627114
ㄐㄩˋ	懼	-11.184920
ㄐㄩˋ	拒	-9.525487
ㄐㄩˋ	据	-14.861221
ㄐㄩˋ	據	-8.310497
ㄐㄩˋ	炬	-13.644825
ㄐㄩˋ	瞿	-13.414302
ㄐㄩˋ	聚	-9.301501
ㄐㄩˋ	苣	-15.148903
ㄐㄩˋ	詎	-15.554368
ㄐㄩˋ	距	-9.417721
ㄐㄩˋ	踞	-12.692167
ㄐㄩˋ	遽	-12.345542
ㄐㄩˋ	鉅	-11.309450
ㄐㄩˋ	鋸	-11.302307
ㄐㄩˋ	颶	-13.762608
ㄐㄩㄝ	噘	-13.444155
ㄐㄩㄝ	撅	-15.148903
ㄐㄩㄝˊ	倔	-13.608458
ㄐㄩㄝˊ	厥	-10.792194
ㄐㄩㄝˊ	堀	-12.509845
ㄐㄩㄝˊ	崛	-14.743438
ㄐㄩㄝˊ	抉	-15.554368
ㄐㄩㄝˊ	掘	-11.032579
ㄐㄩㄝˊ	攫	-13.682566
ㄐㄩㄝˊ	決	-8.517999
ㄐㄩㄝˊ	炔	-13.682566
ㄐㄩㄝˊ	爵	-11.793168
ㄐㄩㄝˊ	玦	-15.842050
ㄐㄩㄝˊ	玨	-16.247515
ㄐㄩㄝˊ	絕	-7.656328
ㄐㄩㄝˊ	蕨	-12.365951
ㄐㄩㄝˊ	訣	-12.267833
ㄐㄩㄝˋ	倔	-13.573366
ㄐㄩㄢ	娟	-12.213274
ㄐㄩㄢ	捐	-9.784485
ㄐㄩㄢ	涓	-13.539465
ㄐㄩㄢ	蠲	-13.303076
ㄐㄩㄢ	鐫	-13.896140
ㄐㄩㄢ	鵑	-14.107449
ㄐㄩㄢˇ	卷	-9.812166
ㄐㄩㄢˋ	倦	-11.156837
ㄐㄩㄢˋ	狷	-14.455755
ㄐㄩㄢˋ	眷	-10.966852
ㄐㄩㄢˋ	絹	-11.460023
ㄐㄩㄢˋ	雋	-16.247515
ㄐㄩㄣ	均	-8.049426
ㄐㄩㄣ	軍	-8.649116
ㄐㄩㄣˋ	俊	-11.910224
ㄐㄩㄣˋ	峻	-13.539465
ㄐㄩㄣˋ	浚	-11.943450
ㄐㄩㄣˋ	竣	-13.156472
ㄐㄩㄣˋ	菌	-9.618152
ㄐㄩㄣˋ	蕈	-12.933329
ㄐㄩㄣˋ	郡	-10.440875
ㄐㄩㄣˋ	雋	-14.050290
ㄐㄩㄥˇ	冏	-13.048842
ㄐㄩㄥˇ	囧	-12.813528
ㄐㄩㄥˇ	泂	-16.247515
ㄐㄩㄥˇ	炅	-15.331224
ㄐㄩㄥˇ	炯	-14.168073
ㄐㄩㄥˇ	迥	-13.048842
ㄑㄧ	七	-7.053965
ㄑㄧ	妻	-8.258972
ㄑㄧ	徛	-15.842050
ㄑㄧ	慼	-16.247515
ㄑㄧ	戚	-11.132520
ㄑㄧ	柒	-13.896140
ㄑㄧ	栖	-14.168073
ㄑㄧ	棲	-12.169977
ㄑㄧ	槭	-12.951678
ㄑㄧ	沏	-12.050313
ㄑㄧ	淒	-14.638077
ㄑㄧ	漆	-9.688608
ㄑㄧ	谿	-14.301605
ㄑㄧˇ	乞	-11.188089
ㄑㄧˇ	啟	-9.829966
ㄑㄧˇ	杞	-13.329744
ㄑㄧˇ	棨	-16.247515
ㄑㄧˇ	綺	-11.714915
ㄑㄧˇ	豈	-10.088420
ㄑㄧˊ	圻	-15.842050
ㄑㄧˊ	墘	-14.455755
ㄑㄧˊ	奇	-9.360473
ㄑㄧˊ	岐	-11.305872
ㄑㄧˊ	崎	-12.286702
ㄑㄧˊ	旗	-8.551530
ㄑㄧˊ	期	-7.594655
ㄑㄧˊ	棋	-9.626775
ㄑㄧˊ	歧	-13.069461
ㄑㄧˊ	淇	-13.202992
ㄑㄧˊ	琦	-12.863125
ㄑㄧˊ	琪	-11.764512
ㄑㄧˊ	畦	-11.172341
ㄑㄧˊ	碁	-15.148903
ㄑㄧˊ	祁	-12.325542
ㄑㄧˊ	祇	-10.372584
ㄑㄧˊ	祈	-11.236880
ㄑㄧˊ	祺	-12.418874
ㄑㄧˊ	綦	-14.861221
ㄑㄧˊ	耆	-11.890806
ㄑㄧˊ	臍	-12.706556
ㄑㄧˊ	萁	-10.961776
ㄑㄧˊ	衹	-14.455755
ㄑㄧˊ	錡	-14.861221
ㄑㄧˊ	騎	-8.239316
ㄑㄧˊ	騏	-14.542767
ㄑㄧˊ	鰭	-11.188089
ㄑㄧˊ	麒	-15.331224
ㄑㄧˊ	齊	-9.581194
ㄑㄧˋ	企	-13.227090
ㄑㄧˋ	器	-10.515793
ㄑㄧˋ	契	-11.758879
ㄑㄧˋ	憩	-14.455755
ㄑㄧˋ	棄	-9.593362
ㄑㄧˋ	汽	-11.079876
ㄑㄧˋ	泣	-11.281180
ㄑㄧˋ	砌	-11.060129
ㄑㄧˋ	緝	-13.179462
ㄑㄧˋ	葺	-14.994752
ㄑㄧˋ	訖	-12.325542
ㄑㄧˋ	迄	-9.190478
ㄑㄧㄚˋ	恰	-10.714125
ㄑㄧㄚˋ	洽	-10.584554
ㄑㄧㄝ	沏	-13.329744
ㄑㄧㄝˊ	伽	-15.331224
ㄑㄧㄝˊ	茄	-13.202992
ㄑㄧㄝˋ	妾	-10.760645
ㄑㄧㄝˋ	竊	-11.542499
ㄑㄧㄠ	撬	-13.444155
ㄑㄧㄠ	敲	-9.466457
ㄑㄧㄠ	橇	-15.842050
ㄑㄧㄠ	磽	-15.148903
ㄑㄧㄠˇ	巧	-10.736104
ㄑㄧㄠˇ	悄	-14.232612
ㄑㄧㄠˊ	僑	-12.006188
ㄑㄧㄠˊ	喬	-10.787929
ㄑㄧㄠˊ	樵	-12.989418
ㄑㄧㄠˊ	蕎	-12.418874
ㄑㄧㄠˊ	譙	-12.521821
ㄑㄧㄠˋ	俏	-11.632394
ㄑㄧㄠˋ	峭	-13.996223
ㄑㄧㄠˋ	竅	-12.846318
ㄑㄧㄠˋ	翹	-10.798625
ㄑㄧㄠˋ	鞘	-10.879205
ㄑㄧㄡ	坵	-14.375713
ㄑㄧㄡ	萩	-12.951678
ㄑㄧㄡ	鞦	-15.842050
ㄑㄧㄡ	鰍	-14.994752
ㄑㄧㄡˇ	糗	-12.521821
ㄑㄧㄡˊ	毬	-13.805168
ㄑㄧㄡˊ	求	-7.569820
ㄑㄧㄡˊ	泅	-15.148903
ㄑㄧㄡˊ	球	-7.748180
ㄑㄧㄡˊ	虯	-15.554368
ㄑㄧㄡˊ	裘	-12.766275
ㄑㄧㄡˊ	逑	-14.638077
ㄑㄧㄢ	仟	-14.301605
ㄑㄧㄢ	千	-8.014942
ㄑㄧㄢ	嵌	-11.376142
ㄑㄧㄢ	愆	-13.608458
ㄑㄧㄢ	慳	-14.375713
ㄑㄧㄢ	扦	-14.743438
ㄑㄧㄢ	牽	-9.521881
ㄑㄧㄢ	簽	-9.639514
ㄑㄧㄢ	籤	-10.581088
ㄑㄧㄢ	芊	-15.554368
ㄑㄧㄢ	謙	-11.637357
ㄑㄧㄢ	遷	-10.149441
ㄑㄧㄢ	鉛	-10.362801
ㄑㄧㄢˇ	撖	-15.554368
ㄑㄧㄢˇ	淺	-9.696435
ㄑㄧㄢˇ	潛	-10.867618
ㄑㄧㄢˇ	譴	-14.542767
ㄑㄧㄢˇ	遣	-10.686833
ㄑㄧㄢˊ	掮	-14.861221
ㄑㄧㄢˊ	潛	-10.698439
ㄑㄧㄢˊ	箝	-15.331224
ㄑㄧㄢˊ	虔	-13.539465
ㄑㄧㄢˊ	鈐	-13.573366
ㄑㄧㄢˊ	鉗	-11.970849
ㄑㄧㄢˊ	錢	-7.918339
ㄑㄧㄢˊ	黔	-11.725726
ㄑㄧㄢˋ	倩	-12.020681
ㄑㄧㄢˋ	嵌	-11.379980
ㄑㄧㄢˋ	欠	-9.639514
ㄑㄧㄢˋ	歉	-11.884416
ㄑㄧㄢˋ	芡	-11.725726
ㄑㄧㄢˋ	蒨	-16.247515
ㄑㄧㄣ	侵	-10.744218
ㄑㄧㄣ	欽	-12.897611
ㄑㄧㄣ	衾	-15.554368
ㄑㄧㄣˇ	寢	-12.880219
ㄑㄧㄣˊ	噙	-13.414302
ㄑㄧㄣˊ	擒	-11.274235
ㄑㄧㄣˊ	琴	-9.532738
ㄑㄧㄣˊ	禽	-11.834717
ㄑㄧㄣˊ	秦	-9.679437
ㄑㄧㄣˊ	芩	-14.861221
ㄑㄧㄣˊ	芹	-14.743438
ㄑㄧㄣˋ	沁	-11.472602
ㄑㄧㄤ	羌	-12.880219
ㄑㄧㄤ	腔	-12.463325
ㄑㄧㄤ	鎗	-13.414302
ㄑㄧㄤ	鏘	-13.896140
ㄑㄧㄤˇ	搶	-9.623450
ㄑㄧㄤˇ	羥	-14.861221
ㄑㄧㄤˊ	墻	-16.247515
ㄑㄧㄤˊ	彊	-13.682566
ㄑㄧㄤˊ	爿	-14.232612
ㄑㄧㄤˊ	牆	-9.598530
ㄑㄧㄤˊ	薔	-14.638077
ㄑㄧㄤˋ	嗆	-10.746257
ㄑㄧㄥ	卿	-10.890929
ㄑㄧㄥ	氫	-10.773146
ㄑㄧㄥ	氰	-15.331224
ㄑㄧㄥ	清	-7.473976
ㄑㄧㄥ	頃	-11.298755
ㄑㄧㄥ	鯖	-12.365951
ㄑㄧㄥˇ	請	-6.868276
ㄑㄧㄥˊ	情	-8.271607
ㄑㄧㄥˊ	擎	-14.232612
ㄑㄧㄥˊ	晴	-9.234049
ㄑㄧㄥˊ	黥	-14.232612
ㄑㄧㄥˋ	慶	-11.267339
ㄑㄧㄥˋ	磬	-13.896140
ㄑㄧㄥˋ	罄	-13.682566
ㄑㄩ	區	-7.728124
ㄑㄩ	屈	-11.529016
ㄑㄩ	祛	-14.050290
ㄑㄩ	蛆	-12.546213
ㄑㄩ	軀	-13.682566
ㄑㄩˇ	取	-7.167226
ㄑㄩˇ	娶	-8.658179
ㄑㄩˇ	齲	-15.148903
ㄑㄩˊ	渠	-12.035387
ㄑㄩˊ	璩	-14.301605
ㄑㄩˊ	瞿	-14.232612
ㄑㄩˊ	衢	-14.232612
ㄑㄩˊ	鴝	-14.743438
ㄑㄩˊ	麴	-12.286702
ㄑㄩˋ	覷	-13.849620
ㄑㄩˋ	趣	-10.796476
ㄑㄩˋ	闃	-14.301605
ㄑㄩㄝ	缺	-7.956219
ㄑㄩㄝˊ	瘸	-12.546213
ㄑㄩㄝˋ	怯	-12.583953
ㄑㄩㄝˋ	確	-8.697380
ㄑㄩㄝˋ	闋	-14.375713
ㄑㄩㄝˋ	闕	-12.296271
ㄑㄩㄝˋ	鵲	-14.994752
ㄑㄩㄢ	圈	-7.377063
ㄑㄩㄢ	悛	-14.743438
ㄑㄩㄢˇ	犬	-10.097979
ㄑㄩㄢˊ	佺	-16.247515
ㄑㄩㄢˊ	拳	-10.570761
ㄑㄩㄢˊ	權	-9.509955
ㄑㄩㄢˊ	泉	-10.886223
ㄑㄩㄢˊ	痊	-15.331224
ㄑㄩㄢˊ	筌	-14.107449
ㄑㄩㄢˊ	荃	-15.554368
ㄑㄩㄢˊ	蜷	-12.915310
ㄑㄩㄢˊ	詮	-14.638077
ㄑㄩㄢˊ	醛	-11.013736
ㄑㄩㄢˊ	銓	-14.107449
ㄑㄩㄢˊ	鬈	-12.915310
ㄑㄩㄢˋ	券	-11.000491
ㄑㄩㄢˋ	勸	-9.624779
ㄑㄩㄥˊ	穹	-15.148903
ㄑㄩㄥˊ	邛	-13.474926
ㄒㄧ	兮	-9.710823
ㄒㄧ	吸	-8.195855
ㄒㄧ	唏	-15.554368
ㄒㄧ	嘻	-12.136641
ㄒㄧ	奚	-11.391586
ㄒㄧ	嬉	-13.682566
ㄒㄧ	希	-11.387702
ㄒㄧ	悉	-10.652804
ㄒㄧ	攜	-10.448422
ㄒㄧ	晞	-14.743438
ㄒㄧ	晰	-14.861221
ㄒㄧ	曦	-13.996223
ㄒㄧ	析	-13.112021
ㄒㄧ	溪	-8.420075
ㄒㄧ	烯	-12.020681
ㄒㄧ	熙	-13.539465
ㄒㄧ	熹	-14.455755
ㄒㄧ	犀	-13.644825
ㄒㄧ	犧	-15.148903
ㄒㄧ	畦	-11.267339
ㄒㄧ	皙	-15.554368
ㄒㄧ	硒	-13.444155
ㄒㄧ	禧	-10.851617
ㄒㄧ	稀	-10.533782
ㄒㄧ	窸	-14.994752
ㄒㄧ	羲	-14.050290
ㄒㄧ	膝	-9.423685
ㄒㄧ	蜥	-12.222163
ㄒㄧ	螅	-16.247515
ㄒㄧ	西	-7.589256
ㄒㄧ	誒	-14.375713
ㄒㄧ	谿	-14.301605
ㄒㄧ	蹊	-14.301605
ㄒㄧ	醯	-12.546213
ㄒㄧ	釐	-11.865488
ㄒㄧˇ	喜	-8.269204
ㄒㄧˇ	囍	-13.069461
ㄒㄧˇ	屣	-15.842050
ㄒㄧˇ	徙	-13.090514
ㄒㄧˇ	洗	-7.400730
ㄒㄧˇ	璽	-13.414302
ㄒㄧˇ	鰓	-11.798999
ㄒㄧˊ	媳	-13.506675
ㄒㄧˊ	席	-8.184137
ㄒㄧˊ	息	-10.113033
ㄒㄧˊ	惜	-10.183730
ㄒㄧˊ	昔	-11.714915
ㄒㄧˊ	熄	-10.738127
ㄒㄧˊ	瘜	-12.897611
ㄒㄧˊ	習	-8.728094
ㄒㄧˊ	腊	-15.554368
ㄒㄧˊ	蓆	-11.991902
ㄒㄧˊ	螅	-16.247515
ㄒㄧˊ	褶	-12.365951
ㄒㄧˊ	襲	-10.213230
ㄒㄧˊ	隰	-13.573366
ㄒㄧˋ	係	-8.488968
ㄒㄧˋ	夕	-9.334772
ㄒㄧˋ	戲	-7.400730
ㄒㄧˋ	汐	-14.301605
ㄒㄧˋ	矽	-11.217077
ㄒㄧˋ	系	-8.350776
ㄒㄧˋ	細	-8.091005
ㄒㄧˋ	繫	-9.075474
ㄒㄧˋ	翕	-15.554368
ㄒㄧˋ	郤	-11.114662
ㄒㄧˋ	醯	-12.706556
ㄒㄧˋ	隙	-11.622542
ㄒㄧˋ	餼	-15.842050
ㄒㄧ˙	西	-7.754102
ㄒㄧㄚ	瞎	-10.922069
ㄒㄧㄚ	蝦	-10.528844
ㄒㄧㄚˊ	俠	-11.288173
ㄒㄧㄚˊ	匣	-12.296271
ㄒㄧㄚˊ	呷	-11.038029
ㄒㄧㄚˊ	峽	-13.303076
ㄒㄧㄚˊ	暇	-11.916782
ㄒㄧㄚˊ	柙	-15.842050
ㄒㄧㄚˊ	狎	-15.331224
ㄒㄧㄚˊ	狹	-11.057340
ㄒㄧㄚˊ	瑕	-12.915310
ㄒㄧㄚˊ	遐	-15.148903
ㄒㄧㄚˊ	陜	-11.984835
ㄒㄧㄚˊ	霞	-11.793168
ㄒㄧㄚˋ	廈	-11.250303
ㄒㄧㄝ	歇	-10.764795
ㄒㄧㄝ	蝎	-14.107449
ㄒㄧㄝ	蠍	-11.950229
ㄒㄧㄝˇ	血	-8.121292
ㄒㄧㄝˊ	協	-11.481077
ㄒㄧㄝˊ	擷	-13.134000
ㄒㄧㄝˊ	斜	-10.381047
ㄒㄧㄝˊ	絜	-12.335492
ㄒㄧㄝˊ	脅	-11.281180
ㄒㄧㄝˊ	諧	-12.452026
ㄒㄧㄝˊ	邪	-10.742183
ㄒㄧㄝˊ	鞋	-8.432711
ㄒㄧㄝˊ	頡	-13.944930
ㄒㄧㄝˋ	卸	-10.818169
ㄒㄧㄝˋ	屑	-12.335492
ㄒㄧㄝˋ	廨	-15.842050
ㄒㄧㄝˋ	懈	-14.638077
ㄒㄧㄝˋ	械	-11.213814
ㄒㄧㄝˋ	楔	-14.301605
ㄒㄧㄝˋ	榭	-11.798999
ㄒㄧㄝˋ	泄	-12.521821
ㄒㄧㄝˋ	洩	-10.824770
ㄒㄧㄝˋ	瀉	-11.169221
ㄒㄧㄝˋ	瀣	-13.069461
ㄒㄧㄝˋ	燮	-14.232612
ㄒㄧㄝˋ	蟹	-10.026925
ㄒㄧㄝˋ	褻	-15.331224
ㄒㄧㄝˋ	謝	-8.617539
ㄒㄧㄠ	削	-8.694491
ㄒㄧㄠ	哮	-13.134000
ㄒㄧㄠ	囂	-13.762608
ㄒㄧㄠ	枵	-14.861221
ㄒㄧㄠ	梟	-12.065465
ㄒㄧㄠ	消	-8.587636
ㄒㄧㄠ	瀟	-16.247515
ㄒㄧㄠ	硝	-12.766275
ㄒㄧㄠ	簫	-12.325542
ㄒㄧㄠ	蕭	-8.071686
ㄒㄧㄠ	銷	-10.159604
ㄒㄧㄠ	霄	-13.179462
ㄒㄧㄠ	驍	-12.781779
ㄒㄧㄠ	鴞	-13.573366
ㄒㄧㄠˇ	曉	-10.591523
ㄒㄧㄠˇ	筱	-13.762608
ㄒㄧㄠˇ	篠	-12.663996
ㄒㄧㄠˋ	嘯	-11.368508
ㄒㄧㄠˋ	孝	-9.859794
ㄒㄧㄠˋ	效	-10.134940
ㄒㄧㄠˋ	校	-7.887209
ㄒㄧㄠˋ	肖	-11.489624
ㄒㄧㄠˋ	酵	-14.542767
ㄒㄧㄡ	咻	-12.463325
ㄒㄧㄡ	羞	-12.042822
ㄒㄧㄡˇ	朽	-15.331224
ㄒㄧㄡˋ	嗅	-11.088460
ㄒㄧㄡˋ	溴	-14.301605
ㄒㄧㄡˋ	琇	-13.474926
ㄒㄧㄡˋ	繡	-10.510943
ㄒㄧㄡˋ	袖	-11.897237
ㄒㄧㄡˋ	銹	-12.533943
ㄒㄧㄡˋ	鏽	-12.706556
ㄒㄧㄢ	仙	-10.008214
ㄒㄧㄢ	先	-6.326212
ㄒㄧㄢ	姍	-14.232612
ㄒㄧㄢ	掀	-11.316645
ㄒㄧㄢ	秈	-15.148903
ㄒㄧㄢ	纖	-12.296271
ㄒㄧㄢ	鮮	-9.334772
ㄒㄧㄢˇ	洗	-7.861456
ㄒㄧㄢˇ	獮	-15.554368
ㄒㄧㄢˇ	癬	-15.148903
ㄒㄧㄢˇ	蜆	-14.542767
ㄒㄧㄢˇ	銑	-15.331224
ㄒㄧㄢˇ	險	-9.475007
ㄒㄧㄢˇ	顯	-9.461362
ㄒㄧㄢˊ	咸	-11.493925
ㄒㄧㄢˊ	啣	-13.090514
ㄒㄧㄢˊ	嫌	-8.206746
ㄒㄧㄢˊ	嫻	-12.498011
ㄒㄧㄢˊ	弦	-10.424469
ㄒㄧㄢˊ	涎	-15.148903
ㄒㄧㄢˊ	絃	-11.524562
ㄒㄧㄢˊ	舷	-12.408063
ㄒㄧㄢˊ	賢	-11.226929
ㄒㄧㄢˊ	銜	-11.395485
ㄒㄧㄢˊ	閒	-9.739491
ㄒㄧㄢˊ	鹹	-9.271167
ㄒㄧㄢˋ	峴	-16.247515
ㄒㄧㄢˋ	憲	-11.502583
ㄒㄧㄢˋ	獻	-10.883878
ㄒㄧㄢˋ	現	-8.117309
ㄒㄧㄢˋ	線	-7.391851
ㄒㄧㄢˋ	羨	-12.951678
ㄒㄧㄢˋ	腺	-13.474926
ㄒㄧㄢˋ	莧	-15.842050
ㄒㄧㄢˋ	蜆	-14.994752
ㄒㄧㄢˋ	見	-7.279246
ㄒㄧㄢˋ	限	-8.583403
ㄒㄧㄢˋ	陷	-9.679437
ㄒㄧㄢˋ	霰	-13.090514
ㄒㄧㄢˋ	餡	-10.167582
ㄒㄧㄣ	心	-6.524471
ㄒㄧㄣ	忻	-13.682566
ㄒㄧㄣ	新	-6.497091
ㄒㄧㄣ	昕	-12.897611
ㄒㄧㄣ	欣	-12.677982
ㄒㄧㄣ	炘	-15.554368
ㄒㄧㄣ	芯	-10.949198
ㄒㄧㄣ	莘	-15.148903
ㄒㄧㄣ	薪	-9.520682
ㄒㄧㄣ	辛	-9.603074
ㄒㄧㄣ	鋅	-9.634131
ㄒㄧㄣ	鑫	-13.644825
ㄒㄧㄣ	馨	-13.251783
ㄒㄧㄣˋ	囟	-15.331224
ㄒㄧㄣˋ	芯	-12.498011
ㄒㄧㄣˋ	釁	-13.644825
ㄒㄧㄤ	廂	-12.365951
ㄒㄧㄤ	湘	-11.775876
ㄒㄧㄤ	箱	-8.838984
ㄒㄧㄤ	襄	-12.020681
ㄒㄧㄤ	鄉	-8.107054
ㄒㄧㄤ	鑲	-9.967119
ㄒㄧㄤ	香	-7.857133
ㄒㄧㄤˇ	享	-8.485344
ㄒㄧㄤˇ	響	-8.457233
ㄒㄧㄤˇ	餉	-11.816698
ㄒㄧㄤˇ	饗	-11.781607
ㄒㄧㄤˊ	庠	-12.623174
ㄒㄧㄤˊ	祥	-12.161539
ㄒㄧㄤˊ	詳	-10.574192
ㄒㄧㄤˋ	像	-6.910762
ㄒㄧㄤˋ	向	-7.105775
ㄒㄧㄤˋ	嚮	-14.542767
ㄒㄧㄤˋ	巷	-9.794678
ㄒㄧㄤˋ	橡	-15.554368
ㄒㄧㄤˋ	相	-7.872577
ㄒㄧㄤˋ	象	-9.838163
ㄒㄧㄤˋ	項	-7.442965
ㄒㄧㄥ	星	-7.881843
ㄒㄧㄥ	猩	-15.554368
ㄒㄧㄥ	胜	-14.107449
ㄒㄧㄥ	腥	-12.080850
ㄒㄧㄥ	興	-9.414483
ㄒㄧㄥˇ	擤	-12.204464
ㄒㄧㄥˇ	醒	-8.090288
ㄒㄧㄥˊ	刑	-9.341762
ㄒㄧㄥˊ	型	-8.062862
ㄒㄧㄥˊ	形	-9.181475
ㄒㄧㄥˊ	邢	-12.035387
ㄒㄧㄥˊ	陘	-14.861221
ㄒㄧㄥˋ	倖	-15.331224
ㄒㄧㄥˋ	姓	-7.685253
ㄒㄧㄥˋ	幸	-9.543101
ㄒㄧㄥˋ	荇	-16.247515
ㄒㄩ	吁	-12.509845
ㄒㄩ	噓	-10.466771
ㄒㄩ	墟	-12.692167
ㄒㄩ	戌	-12.486315
ㄒㄩ	繻	-16.247515
ㄒㄩ	胥	-12.829788
ㄒㄩ	虛	-9.078165
ㄒㄩ	需	-7.459837
ㄒㄩ	須	-7.647360
ㄒㄩ	鬚	-10.348988
ㄒㄩˇ	栩	-12.863125
ㄒㄩˇ	煦	-16.247515
ㄒㄩˇ	許	-7.799779
ㄒㄩˋ	婿	-12.386785
ㄒㄩˋ	序	-8.028458
ㄒㄩˋ	恤	-9.841460
ㄒㄩˋ	敘	-11.260489
ㄒㄩˋ	旭	-12.498011
ㄒㄩˋ	旮	-13.849620
ㄒㄩˋ	絮	-12.533943
ㄒㄩˋ	緒	-13.474926
ㄒㄩˋ	續	-9.697864
ㄒㄩˋ	蓄	-11.963928
ㄒㄩˋ	酗	-13.805168
ㄒㄩˋ	頊	-15.554368
ㄒㄩㄝ	薛	-11.798999
ㄒㄩㄝˊ	踅	-15.657579
ㄒㄩㄝˋ	屑	-15.148903
ㄒㄩㄝˋ	穴	-11.485341
ㄒㄩㄢ	喧	-11.910224
ㄒㄩㄢ	宣	-10.924505
ㄒㄩㄢ	暄	-13.251783
ㄒㄩㄢ	瑄	-12.951678
ㄒㄩㄢ	萱	-12.813528
ㄒㄩㄢ	軒	-11.897237
ㄒㄩㄢˇ	癬	-12.178488
ㄒㄩㄢˊ	懸	-8.591651
ㄒㄩㄢˊ	旋	-11.220350
ㄒㄩㄢˊ	漩	-13.134000
ㄒㄩㄢˊ	玄	-10.225279
ㄒㄩㄢˊ	璇	-12.970370
ㄒㄩㄢˊ	璿	-13.608458
ㄒㄩㄢˋ	敻	-14.861221
ㄒㄩㄢˋ	楦	-13.849620
ㄒㄩㄢˋ	泫	-16.247515
ㄒㄩㄢˋ	渲	-16.247515
ㄒㄩㄢˋ	漩	-13.090514
ㄒㄩㄢˋ	炫	-11.200869
ㄒㄩㄢˋ	眩	-11.574686
ㄒㄩㄢˋ	絢	-13.251783
ㄒㄩㄢˋ	鉉	-12.829788
ㄒㄩㄣ	勛	-14.542767
ㄒㄩㄣ	勳	-13.721786
ㄒㄩㄣ	熏	-12.397367
ㄒㄩㄣ	燻	-10.628927
ㄒㄩㄣ	薰	-10.321923
ㄒㄩㄣ	醺	-15.148903
ㄒㄩㄣˊ	尋	-7.842707
ㄒㄩㄣˊ	巡	-9.264652
ㄒㄩㄣˊ	徇	-14.232612
ㄒㄩㄣˊ	循	-8.695803
ㄒㄩㄣˊ	恂	-15.842050
ㄒㄩㄣˊ	旬	-10.103329
ㄒㄩㄣˊ	洵	-13.444155
ㄒㄩㄣˊ	珣	-12.897611
ㄒㄩㄣˊ	璿	-15.148903
ㄒㄩㄣˊ	荀	-13.048842
ㄒㄩㄣˊ	蟳	-13.849620
ㄒㄩㄣˊ	詢	-11.460023
ㄒㄩㄣˊ	郇	-15.148903
ㄒㄩㄣˊ	馴	-13.090514
ㄒㄩㄣˋ	巽	-12.080850
ㄒㄩㄣˋ	徇	-13.944930
ㄒㄩㄣˋ	殉	-13.156472
ㄒㄩㄣˋ	汛	-12.161539
ㄒㄩㄣˋ	蕈	-13.896140
ㄒㄩㄣˋ	訊	-8.936297
ㄒㄩㄣˋ	訓	-10.116288
ㄒㄩㄣˋ	迅	-13.608458
ㄒㄩㄣˋ	遜	-10.872236
ㄒㄩㄥ	兄	-10.138267
ㄒㄩㄥ	匈	-12.035387
ㄒㄩㄥ	洶	-16.247515
ㄒㄩㄥ	胸	-9.714453
ㄒㄩㄥˊ	熊	-8.145837
ㄒㄩㄥˊ	雄	-9.936688
ㄒㄩㄥˋ	敻	-12.169977
ㄓ	吱	-11.533490
ㄓ	支	-7.581471
ㄓ	枝	-8.507503
ㄓ	汁	-8.552439
ㄓ	知	-7.463965
ㄓ	祗	-12.112348
ㄓ	織	-9.329314
ㄓ	肢	-10.692619
ㄓ	脂	-10.771051
ㄓ	芝	-12.813528
ㄓ	跖	-12.623174
ㄓ	隻	-7.305642
ㄓ	鴟	-14.375713
ㄓˇ	咫	-16.247515
ㄓˇ	址	-10.802935
ㄓˇ	旨	-10.113033
ㄓˇ	枳	-13.539465
ㄓˇ	止	-8.277120
ㄓˇ	沚	-16.247515
ㄓˇ	祉	-14.743438
ㄓˇ	紙	-7.804291
ㄓˇ	芷	-12.386785
ㄓˇ	趾	-10.912384
ㄓˇ	酯	-13.277100
ㄓˊ	侄	-12.144872
ㄓˊ	值	-8.398386
ㄓˊ	執	-9.052328
ㄓˊ	姪	-12.161539
ㄓˊ	擲	-9.850585
ㄓˊ	植	-9.848088
ㄓˊ	殖	-13.251783
ㄓˊ	直	-7.731522
ㄓˊ	職	-8.528385
ㄓˊ	蟄	-12.463325
ㄓˊ	質	-8.996170
ㄓˊ	蹠	-14.455755
ㄓˋ	制	-8.575688
ㄓˋ	峙	-14.861221
ㄓˋ	帙	-13.762608
ㄓˋ	幟	-15.148903
ㄓˋ	彘	-13.762608
ㄓˋ	志	-9.401635
ㄓˋ	忮	-13.506675
ㄓˋ	摯	-15.331224
ㄓˋ	治	-8.184295
ㄓˋ	滯	-10.700386
ㄓˋ	炙	-10.764795
ㄓˋ	痔	-12.846318
ㄓˋ	痣	-10.726054
ㄓˋ	秩	-12.418874
ㄓˋ	稚	-14.542767
ㄓˋ	窒	-13.944930
ㄓˋ	緻	-12.408063
ㄓˋ	置	-8.668858
ㄓˋ	至	-7.085840
ㄓˋ	致	-8.019605
ㄓˋ	蛭	-15.554368
ㄓˋ	製	-8.331072
ㄓˋ	誌	-10.722062
ㄓˋ	躓	-15.842050
ㄓˋ	郅	-13.573366
ㄓˋ	陟	-13.849620
ㄓˋ	雉	-12.035387
ㄓㄚ	喳	-13.805168
ㄓㄚ	扎	-11.822668
ㄓㄚ	楂	-14.375713
ㄓㄚˇ	眨	-11.008417
ㄓㄚˊ	札	-12.721154
ㄓㄚˊ	鍘	-15.331224
ㄓㄚˊ	閘	-12.571214
ㄓㄚˋ	乍	-10.851617
ㄓㄚˋ	吒	-15.331224
ㄓㄚˋ	咋	-13.303076
ㄓㄚˋ	搾	-13.849620
ㄓㄚˋ	柵	-12.751007
ㄓㄚˋ	榨	-11.714915
ㄓㄚˋ	詐	-12.128478
ㄓㄜ	螫	-12.213274
ㄓㄜˇ	者	-6.674965
ㄓㄜˇ	赭	-14.743438
ㄓㄜˇ	鍺	-14.050290
ㄓㄜˊ	哲	-12.050313
ㄓㄜˊ	懾	-14.743438
ㄓㄜˊ	折	-9.446788
ㄓㄜˊ	摺	-9.456855
ㄓㄜˊ	蜇	-16.247515
ㄓㄜˊ	褶	-12.408063
ㄓㄜˊ	輒	-12.386785
ㄓㄜˊ	轍	-13.539465
ㄓㄜˋ	浙	-11.775876
ㄓㄜˋ	蔗	-14.301605
ㄓㄜ˙	著	-6.509580
ㄓㄞ	摘	-9.671742
ㄓㄞ	齋	-13.721786
ㄓㄞˊ	宅	-10.706251
ㄓㄞˊ	翟	-12.088632
ㄓㄞˋ	寨	-11.588804
ㄓㄠ	召	-10.058225
ㄓㄠ	嘲	-12.035387
ㄓㄠ	昭	-11.123551
ㄓㄠ	晁	-13.251783
ㄓㄠˇ	找	-7.846406
ㄓㄠˇ	沼	-11.498244
ㄓㄠˋ	兆	-11.387702
ㄓㄠˋ	晁	-13.474926
ㄓㄠˋ	棹	-14.994752
ㄓㄠˋ	櫂	-14.994752
ㄓㄠˋ	照	-7.957850
ㄓㄠˋ	罩	-10.051071
ㄓㄠˋ	肇	-14.375713
ㄓㄠˋ	詔	-10.603836
ㄓㄠˋ	趙	-9.307292
ㄓㄡ	周	-8.507938
ㄓㄡ	州	-8.860425
ㄓㄡ	洲	-11.560765
ㄓㄡ	粥	-10.530487
ㄓㄡ	舟	-9.103108
ㄓㄡ	週	-8.584812
ㄓㄡˇ	肘	-12.345542
ㄓㄡˋ	冑	-13.573366
ㄓㄡˋ	咒	-11.970849
ㄓㄡˋ	宙	-13.849620
ㄓㄡˋ	晝	-12.509845
ㄓㄡˋ	皺	-11.220350
ㄓㄡˋ	紂	-12.650203
ㄓㄡˋ	縐	-16.247515
ㄓㄡˋ	胄	-14.232612
ㄓㄡˋ	酎	-15.148903
ㄓㄢ	氈	-12.486315
ㄓㄢ	沾	-10.061306
ㄓㄢ	瞻	-12.397367
ㄓㄢ	詹	-11.632394
ㄓㄢ	譫	-14.107449
ㄓㄢ	霑	-12.376314
ㄓㄢˇ	展	-9.555431
ㄓㄢˇ	嶄	-15.331224
ㄓㄢˇ	斬	-11.263908
ㄓㄢˇ	盞	-10.361411
ㄓㄢˇ	輾	-14.050290
ㄓㄢˋ	占	-7.805800
ㄓㄢˋ	暫	-11.464199
ㄓㄢˋ	棧	-12.222163
ㄓㄢˋ	站	-7.200812
ㄓㄢˋ	綻	-13.357143
ㄓㄢˋ	蘸	-12.065465
ㄓㄢˋ	顫	-11.781607
ㄓㄣ	偵	-12.721154
ㄓㄣ	斟	-11.632394
ㄓㄣ	楨	-13.996223
ㄓㄣ	榛	-13.608458
ㄓㄣ	溱	-14.455755
ㄓㄣ	珍	-9.824268
ㄓㄣ	甄	-12.766275
ㄓㄣ	砧	-14.232612
ㄓㄣ	禎	-12.440852
ㄓㄣ	箴	-13.444155
ㄓㄣ	臻	-10.130520
ㄓㄣ	蓁	-13.805168
ㄓㄣ	貞	-11.897237
ㄓㄣ	針	-9.122232
ㄓㄣˇ	枕	-9.555431
ㄓㄣˇ	疹	-12.386785
ㄓㄣˇ	縝	-15.331224
ㄓㄣˇ	診	-11.163010
ㄓㄣˋ	圳	-12.397367
ㄓㄣˋ	振	-12.144872
ㄓㄣˋ	朕	-9.455732
ㄓㄣˋ	賑	-11.035300
ㄓㄣˋ	鎮	-9.123842
ㄓㄣˋ	陣	-8.667836
ㄓㄣˋ	震	-9.457418
ㄓㄣˋ	鴆	-14.050290
ㄓㄤ	彰	-11.357166
ㄓㄤ	樟	-12.057860
ㄓㄤ	漳	-12.277223
ㄓㄤ	獐	-12.989418
ㄓㄤ	璋	-12.813528
ㄓㄤ	蟑	-15.148903
ㄓㄤˇ	漲	-8.761462
ㄓㄤˋ	丈	-10.043968
ㄓㄤˋ	仗	-9.787610
ㄓㄤˋ	嶂	-15.331224
ㄓㄤˋ	帳	-9.229113
ㄓㄤˋ	幛	-15.148903
ㄓㄤˋ	杖	-10.443887
ㄓㄤˋ	脹	-10.334012
ㄓㄤˋ	賬	-12.305933
ㄓㄤˋ	障	-12.452026
ㄓㄥ	征	-10.982237
ㄓㄥ	徵	-9.059102
ㄓㄥ	怔	-11.963928
ㄓㄥ	掙	-11.338543
ㄓㄥ	爭	-7.500083
ㄓㄥ	癥	-15.842050
ㄓㄥ	睜	-11.049018
ㄓㄥ	箏	-12.498011
ㄓㄥ	蒸	-7.923057
ㄓㄥ	諍	-13.608458
ㄓㄥ	鉦	-13.996223
ㄓㄥ	錚	-15.554368
ㄓㄥˇ	拯	-12.571214
ㄓㄥˇ	整	-6.524980
ㄓㄥˋ	幀	-12.073128
ㄓㄥˋ	政	-11.141569
ㄓㄥˋ	正	-6.909397
ㄓㄥˋ	症	-8.156500
ㄓㄥˋ	證	-9.612882
ㄓㄥˋ	鄭	-8.841412
ㄓㄨ	侏	-14.638077
ㄓㄨ	朱	-9.062886
ㄓㄨ	株	-9.697149
ㄓㄨ	櫫	-14.994752
ㄓㄨ	洙	-14.743438
ㄓㄨ	珠	-11.758879
ㄓㄨ	硃	-13.028639
ㄓㄨ	茱	-14.232612
ㄓㄨ	藷	-15.842050
ㄓㄨ	蛛	-13.048842
ㄓㄨ	誅	-12.509845
ㄓㄨ	諸	-8.393910
ㄓㄨ	豬	-7.787527
ㄓㄨ	銖	-14.050290
ㄓㄨˇ	主	-9.763643
ㄓㄨˇ	拄	-11.391586
ㄓㄨˇ	渚	-14.168073
ㄓㄨˇ	煮	-7.785517
ㄓㄨˇ	矚	-14.994752
ㄓㄨˇ	貯	-13.474926
ㄓㄨˊ	朮	-13.896140
ㄓㄨˊ	燭	-12.846318
ㄓㄨˊ	竹	-9.747728
ㄓㄨˊ	竺	-14.232612
ㄓㄨˊ	筑	-11.936716
ㄓㄨˊ	築	-9.917794
ㄓㄨˊ	逐	-10.530487
ㄓㄨˋ	佇	-14.050290
ㄓㄨˋ	住	-6.464671
ㄓㄨˋ	助	-9.845598
ㄓㄨˋ	柱	-10.001408
ㄓㄨˋ	注	-10.650947
ㄓㄨˋ	炷	-12.951678
ㄓㄨˋ	祝	-10.194250
ㄓㄨˋ	箸	-13.721786
ㄓㄨˋ	苧	-14.542767
ㄓㄨˋ	蛀	-12.065465
ㄓㄨˋ	註	-8.838984
ㄓㄨˋ	鑄	-11.220350
ㄓㄨˋ	駐	-8.684834
ㄓㄨㄛ	棹	-14.232612
ㄓㄨㄛ	涿	-13.996223
ㄓㄨㄛˊ	卓	-12.305933
ㄓㄨㄛˊ	啄	-10.941726
ㄓㄨㄛˊ	拙	-12.452026
ㄓㄨㄛˊ	擢	-12.623174
ㄓㄨㄛˊ	斫	-14.375713
ㄓㄨㄛˊ	斲	-15.331224
ㄓㄨㄛˊ	濁	-11.642345
ㄓㄨㄛˊ	濯	-12.677982
ㄓㄨㄛˊ	灼	-13.303076
ㄓㄨㄛˊ	琢	-12.781779
ㄓㄨㄛˊ	茁	-16.247515
ㄓㄨㄛˊ	酌	-11.810763
ㄓㄨㄛˊ	鐲	-14.455755
ㄓㄨㄟ	椎	-12.721154
ㄓㄨㄟ	錐	-12.096475
ㄓㄨㄟˋ	綴	-11.709553
ㄓㄨㄢ	專	-9.812166
ㄓㄨㄢ	顓	-14.743438
ㄓㄨㄢˇ	囀	-15.148903
ㄓㄨㄢˇ	轉	-7.528524
ㄓㄨㄢˋ	賺	-7.902891
ㄓㄨㄤ	妝	-10.085253
ㄓㄨㄤ	庄	-11.787370
ㄓㄨㄤ	樁	-9.689317
ㄓㄨㄤ	莊	-10.520667
ㄓㄨㄤˋ	壯	-10.226492
ㄓㄨㄤˋ	撞	-8.325979
ㄓㄨㄤˋ	狀	-11.617652
ㄓㄨㄥ	忠	-10.424469
ㄓㄨㄥ	盅	-11.068544
ㄓㄨㄥ	螽	-14.994752
ㄓㄨㄥ	衷	-13.762608
ㄓㄨㄥˇ	冢	-13.134000
ㄓㄨㄥˇ	塚	-10.694555
ㄓㄨㄥˇ	腫	-9.576749
ㄓㄨㄥˇ	踵	-13.474926
ㄓㄨㄥˋ	仲	-13.008836
ㄔ	吃	-7.674603
ㄔ	喫	-13.539465
ㄔ	嗤	-12.418874
ㄔ	癡	-11.197659
ㄔ	螭	-15.842050
ㄔ	魑	-15.554368
ㄔˇ	侈	-14.050290
ㄔˇ	呎	-10.457555
ㄔˇ	尺	-9.748480
ㄔˇ	恥	-11.502583
ㄔˇ	豉	-13.608458
ㄔˇ	齒	-10.760645
ㄔˊ	匙	-10.159604
ㄔˊ	墀	-15.554368
ㄔˊ	弛	-13.762608
ㄔˊ	持	-7.906224
ㄔˊ	池	-10.143838
ㄔˊ	茬	-14.743438
ㄔˊ	遲	-9.346281
ㄔˊ	馳	-12.267833
ㄔˋ	叱	-13.357143
ㄔˋ	哧	-15.842050
ㄔˋ	彳	-15.148903
ㄔˋ	敕	-12.231132
ㄔˋ	斥	-11.560765
ㄔˋ	熾	-12.187072
ㄔˋ	翅	-10.660266
ㄔˋ	赤	-11.295215
ㄔˋ	踅	-14.542767
ㄔˋ	飭	-12.609929
ㄔㄚ	叉	-10.064397
ㄔㄚ	插	-9.008659
ㄔㄚ	杈	-13.762608
ㄔㄚˊ	察	-11.334860
ㄔㄚˊ	查	-8.536638
ㄔㄚˊ	槎	-15.554368
ㄔㄚˊ	碴	-13.008836
ㄔㄚˊ	茬	-15.331224
ㄔㄚˊ	茶	-7.797530
ㄔㄚˋ	侘	-15.842050
ㄔㄚˋ	剎	-13.682566
ㄔㄚˋ	岔	-11.603124
ㄔㄚˋ	衩	-15.842050
ㄔㄚˋ	詫	-16.247515
ㄔㄜˇ	扯	-10.239931
ㄔㄜˋ	徹	-10.934309
ㄔㄜˋ	掣	-12.386785
ㄔㄜˋ	澈	-13.944930
ㄔㄜˋ	轍	-11.871758
ㄔㄠ	剿	-11.498244
ㄔㄠ	抄	-10.584554
ㄔㄠ	超	-9.751494
ㄔㄠˇ	吵	-9.189617
ㄔㄠˇ	炒	-8.931964
ㄔㄠˊ	嘲	-13.506675
ㄔㄠˊ	巢	-10.241162
ㄔㄠˊ	朝	-8.287715
ㄔㄠˊ	潮	-11.024460
ㄔㄡˇ	丑	-12.144872
ㄔㄡˇ	瞅	-12.521821
ㄔㄡˇ	醜	-10.623497
ㄔㄡˊ	仇	-10.760645
ㄔㄡˊ	儔	-13.896140
ㄔㄡˊ	愁	-10.844838
ㄔㄡˊ	疇	-14.861221
ㄔㄡˊ	稠	-11.677972
ㄔㄡˊ	籌	-11.156837
ㄔㄡˊ	綢	-12.558635
ㄔㄡˊ	讎	-13.385314
ㄔㄡˊ	躊	-16.247515
ㄔㄡˊ	酬	-10.987419
ㄔㄡˋ	臭	-9.583106
ㄔㄢ	摻	-11.758879
ㄔㄢ	攙	-13.251783
ㄔㄢˇ	剷	-13.849620
ㄔㄢˇ	鏟	-12.440852
ㄔㄢˇ	闡	-13.996223
ㄔㄢˊ	嬋	-14.375713
ㄔㄢˊ	讒	-13.474926
ㄔㄢˊ	饞	-12.636597
ㄔㄢˋ	懺	-12.933329
ㄔㄣ	嗔	-12.692167
ㄔㄣ	琛	-14.455755
ㄔㄣ	瞋	-12.305933
ㄔㄣˊ	娠	-14.168073
ㄔㄣˊ	宸	-13.329744
ㄔㄣˊ	忱	-13.896140
ㄔㄣˊ	晨	-11.427233
ㄔㄣˊ	沈	-10.498122
ㄔㄣˊ	沉	-10.042957
ㄔㄣˊ	臣	-10.022956
ㄔㄣˊ	諶	-13.849620
ㄔㄣˊ	辰	-11.481077
ㄔㄣˋ	襯	-10.643553
ㄔㄣˋ	讖	-14.301605
ㄔㄣˋ	趁	-9.637492
ㄔㄤ	倀	-13.112021
ㄔㄤ	娼	-11.263908
ㄔㄤ	昌	-10.802935
ㄔㄤ	鯧	-12.452026
ㄔㄤˇ	廠	-8.829934
ㄔㄤˇ	昶	-13.573366
ㄔㄤˊ	償	-10.449939
ㄔㄤˊ	嘗	-9.856436
ㄔㄤˊ	嚐	-10.017033
ㄔㄤˊ	常	-6.964482
ㄔㄤˊ	徜	-15.842050
ㄔㄤˊ	腸	-10.101186
ㄔㄤˊ	萇	-15.331224
ㄔㄤˊ	裳	-12.546213
ㄔㄤˊ	長	-6.457924
ㄔㄤˋ	倡	-12.028007
ㄔㄤˋ	唱	-8.493248
ㄔㄤˋ	悵	-15.148903
ㄔㄤˋ	暢	-10.256050
ㄔㄥ	撐	-8.808543
ㄔㄥ	瞠	-15.554368
ㄔㄥ	稱	-7.294715
ㄔㄥˇ	逞	-12.161539
ㄔㄥˇ	騁	-14.232612
ㄔㄥˊ	丞	-12.345542
ㄔㄥˊ	乘	-9.301501
ㄔㄥˊ	呈	-8.354316
ㄔㄥˊ	城	-8.151916
ㄔㄥˊ	埕	-13.303076
ㄔㄥˊ	塍	-13.573366
ㄔㄥˊ	懲	-12.571214
ㄔㄥˊ	承	-10.718086
ㄔㄥˊ	晟	-13.539465
ㄔㄥˊ	橙	-10.992627
ㄔㄥˊ	澄	-12.623174
ㄔㄥˊ	程	-9.513518
ㄔㄥˊ	誠	-9.889673
ㄔㄥˋ	秤	-10.542067
ㄔㄨ	出	-7.250739
ㄔㄨ	齣	-8.847200
ㄔㄨˇ	杵	-11.472602
ㄔㄨˇ	楚	-9.488840
ㄔㄨˇ	楮	-13.805168
ㄔㄨˇ	礎	-13.608458
ㄔㄨˇ	褚	-12.365951
ㄔㄨˊ	儲	-10.073729
ㄔㄨˊ	廚	-12.204464
ㄔㄨˊ	櫥	-12.813528
ㄔㄨˊ	芻	-13.762608
ㄔㄨˊ	鋤	-11.419201
ㄔㄨˊ	雛	-11.243569
ㄔㄨˊ	鶵	-16.247515
ㄔㄨˋ	怵	-15.554368
ㄔㄨˋ	畜	-9.740237
ㄔㄨˋ	矗	-13.944930
ㄔㄨˋ	絀	-13.849620
ㄔㄨˋ	處	-5.959854
ㄔㄨˋ	黜	-13.069461
ㄔㄨㄛ	戳	-11.822668
ㄔㄨㄛˋ	啜	-11.865488
ㄔㄨㄛˋ	綽	-13.357143
ㄔㄨㄛˋ	輟	-12.240182
ㄔㄨㄞˇ	揣	-13.474926
ㄔㄨㄞˋ	踹	-12.204464
ㄔㄨㄟ	炊	-12.663996
ㄔㄨㄟˊ	捶	-12.650203
ㄔㄨㄟˊ	搥	-12.751007
ㄔㄨㄟˊ	槌	-13.069461
ㄔㄨㄟˊ	錘	-13.179462
ㄔㄨㄟˊ	鎚	-13.539465
ㄔㄨㄢ	川	-11.074194
ㄔㄨㄢ	氚	-14.861221
ㄔㄨㄢ	穿	-7.498099
ㄔㄨㄢˇ	喘	-9.451809
ㄔㄨㄢˊ	傳	-9.136411
ㄔㄨㄢˊ	椽	-13.329744
ㄔㄨㄢˊ	遄	-15.331224
ㄔㄨㄢˋ	釧	-15.842050
ㄔㄨㄣˊ	淳	-14.638077
ㄔㄨㄣˊ	脣	-11.431274
ㄔㄨㄣˊ	醇	-12.509845
ㄔㄨㄣˊ	鶉	-13.896140
ㄔㄨㄤˊ	床	-7.682675
ㄔㄨㄤˋ	創	-9.517691
ㄔㄨㄥ	充	-10.108709
ㄔㄨㄥ	沖	-9.309715
ㄔㄨㄥˇ	寵	-10.393877
ㄔㄨㄥˊ	崇	-10.959248
ㄔㄨㄥˊ	蟲	-8.603553
ㄕ	噓	-11.316645
ㄕ	失	-7.687933
ㄕ	尸	-14.375713
ㄕ	屍	-8.462626
ㄕ	師	-8.009110
ㄕ	施	-8.249180
ㄕ	溼	-10.487037
ㄕ	濕	-8.052319
ㄕ	獅	-8.818588
ㄕ	虱	-14.375713
ㄕ	蝨	-13.682566
ㄕ	詩	-7.011068
ㄕˇ	使	-6.501822
ㄕˇ	史	-8.046952
ㄕˇ	始	-8.068455
ㄕˇ	屎	-10.766876
ㄕˇ	弛	-14.050290
ㄕˇ	矢	-12.187072
ㄕˇ	豕	-14.301605
ㄕˇ	駛	-12.636597
ㄕˊ	什	-12.231132
ㄕˊ	十	-6.608123
ㄕˊ	實	-7.420267
ㄕˊ	拾	-11.305872
ㄕˊ	石	-7.972011
ㄕˊ	蒔	-13.474926
ㄕˊ	蝕	-13.277100
ㄕˊ	食	-7.328932
ㄕˋ	世	-7.826502
ㄕˋ	事	-6.248195
ㄕˋ	仕	-11.320261
ㄕˋ	侍	-9.777490
ㄕˋ	嗜	-10.888573
ㄕˋ	噬	-12.286702
ㄕˋ	士	-8.550621
ㄕˋ	媞	-16.247515
ㄕˋ	室	-7.072750
ㄕˋ	市	-7.426078
ㄕˋ	式	-7.429033
ㄕˋ	弒	-11.770178
ㄕˋ	恃	-11.977817
ㄕˋ	拭	-12.452026
ㄕˋ	柿	-11.834717
ㄕˋ	氏	-11.603124
ㄕˋ	示	-8.411343
ㄕˋ	筮	-14.743438
ㄕˋ	舐	-14.375713
ㄕˋ	視	-7.115460
ㄕˋ	試	-6.735737
ㄕˋ	誓	-11.027159
ㄕˋ	識	-8.328704
ㄕˋ	豉	-13.573366
ㄕˋ	軾	-14.638077
ㄕˋ	逝	-9.762117
ㄕˋ	適	-11.260489
ㄕˋ	釋	-10.567342
ㄕˋ	飾	-10.354490
ㄕˋ	鯷	-14.743438
ㄕㄚ	痧	-14.994752
ㄕㄚ	砂	-10.979657
ㄕㄚ	紗	-11.024460
ㄕㄚ	莎	-12.065465
ㄕㄚ	鯊	-11.451724
ㄕㄚˇ	傻	-10.961776
ㄕㄚˊ	啥	-10.961776
ㄕㄚˋ	嗄	-13.202992
ㄕㄚˋ	煞	-11.240219
ㄕㄚˋ	霎	-13.944930
ㄕㄜ	賒	-14.542767
ㄕㄜˇ	捨	-10.289090
ㄕㄜˊ	舌	-10.671566
ㄕㄜˊ	蛇	-7.227851
ㄕㄜˋ	射	-9.465890
ㄕㄜˋ	攝	-9.188757
ㄕㄜˋ	涉	-8.796564
ㄕㄜˋ	社	-9.930350
ㄕㄜˋ	舍	-12.249314
ㄕㄜˋ	設	-7.016686
ㄕㄜˋ	赦	-10.997863
ㄕㄜˋ	麝	-14.743438
ㄕㄞ	篩	-11.427233
ㄕㄞˋ	曬	-11.065731
ㄕㄠ	捎	-12.521821
ㄕㄠ	梢	-14.455755
ㄕㄠ	燒	-9.388950
ㄕㄠ	稍	-9.454609
ㄕㄠˊ	勺	-9.486521
ㄕㄠˊ	杓	-13.721786
ㄕㄠˊ	芍	-14.050290
ㄕㄠˊ	韶	-13.805168
ㄕㄠˋ	劭	-14.542767
ㄕㄠˋ	哨	-12.325542
ㄕㄠˋ	紹	-13.414302
ㄕㄠˋ	邵	-11.662547
ㄕㄡ	收	-8.097047
ㄕㄡˇ	首	-7.663505
ㄕㄡˊ	熟	-8.311391
ㄕㄡˋ	售	-9.230009
ㄕㄡˋ	壽	-10.688758
ㄕㄡˋ	授	-9.988890
ㄕㄡˋ	獸	-10.610941
ㄕㄡˋ	瘦	-9.082795
ㄕㄢ	刪	-11.068544
ㄕㄢ	姍	-12.571214
ㄕㄢ	搧	-12.498011
ㄕㄢ	潸	-14.638077
ㄕㄢ	煽	-13.944930
ㄕㄢ	珊	-13.028639
ㄕㄢ	舢	-15.148903
ㄕㄢˇ	陝	-12.571214
ㄕㄢˋ	扇	-10.236248
ㄕㄢˋ	擅	-10.264839
ㄕㄢˋ	汕	-13.227090
ㄕㄢˋ	煽	-14.050290
ㄕㄢˋ	疝	-14.168073
ㄕㄢˋ	繕	-13.090514
ㄕㄢˋ	膳	-11.281180
ㄕㄢˋ	訕	-14.375713
ㄕㄢˋ	鱔	-13.008836
ㄕㄣ	娠	-14.375713
ㄕㄣ	深	-7.928773
ㄕㄣ	申	-11.068544
ㄕㄣ	砷	-12.677982
ㄕㄣ	紳	-13.506675
ㄕㄣ	莘	-14.455755
ㄕㄣ	蔘	-12.813528
ㄕㄣ	鯓	-13.849620
ㄕㄣˇ	哂	-13.721786
ㄕㄣˇ	嬸	-11.524562
ㄕㄣˇ	瀋	-15.331224
ㄕㄣˊ	神	-8.064118
ㄕㄣˋ	滲	-12.813528
ㄕㄣˋ	腎	-8.907653
ㄕㄣ˙	嬸	-11.725726
ㄕㄤ	傷	-9.178917
ㄕㄤ	商	-9.210487
ㄕㄤ	殤	-13.134000
ㄕㄤ	熵	-12.452026
ㄕㄤ	裳	-13.762608
ㄕㄤ	觴	-12.452026
ㄕㄤˇ	晌	-15.331224
ㄕㄤˇ	賞	-8.672443
ㄕㄤˋ	尚	-7.453069
ㄕㄤ˙	裳	-14.994752
ㄕㄥ	升	-9.217542
ㄕㄥ	昇	-12.096475
ㄕㄥ	甥	-15.554368
ㄕㄥ	笙	-11.298755
ㄕㄥ	陞	-13.896140
ㄕㄥˇ	冼	-14.168073
ㄕㄥˊ	繩	-10.089477
ㄕㄥˋ	剩	-9.051203
ㄕㄥˋ	勝	-8.582699
ㄕㄥˋ	盛	-9.286693
ㄕㄥˋ	聖	-9.861478
ㄕㄨ	姝	-12.663996
ㄕㄨ	抒	-12.305933
ㄕㄨ	梳	-10.120646
ㄕㄨ	樗	-14.861221
ㄕㄨ	樞	-12.650203
ㄕㄨ	殊	-11.460023
ㄕㄨ	疏	-8.841412
ㄕㄨ	紓	-10.493356
ㄕㄨ	舒	-11.736655
ㄕㄨ	荼	-13.329744
ㄕㄨ	蔬	-11.579370
ㄕㄨ	輸	-8.638396
ㄕㄨˇ	暑	-11.903709
ㄕㄨˇ	糬	-13.944930
ㄕㄨˇ	署	-8.813553
ㄕㄨˇ	薯	-12.020681
ㄕㄨˇ	藷	-15.842050
ㄕㄨˇ	蜀	-11.175471
ㄕㄨˇ	黍	-12.112348
ㄕㄨˇ	鼠	-9.980314
ㄕㄨˊ	叔	-10.126119
ㄕㄨˊ	塾	-12.951678
ㄕㄨˊ	孰	-10.278807
ㄕㄨˊ	淑	-14.455755
ㄕㄨˊ	菽	-13.414302
ㄕㄨˊ	贖	-12.013408
ㄕㄨˋ	倏	-14.638077
ㄕㄨˋ	墅	-13.303076
ㄕㄨˋ	庶	-12.144872
ㄕㄨˋ	恕	-10.196603
ㄕㄨˋ	戍	-12.498011
ㄕㄨˋ	數	-7.489731
ㄕㄨˋ	曙	-14.743438
ㄕㄨˋ	束	-9.532738
ㄕㄨˋ	樹	-7.276384
ㄕㄨˋ	漱	-12.335492
ㄕㄨˋ	術	-8.752251
ㄕㄨˋ	豎	-11.250303
ㄕㄨˋ	述	-9.281491
ㄕㄨㄛˋ	勺	-12.305933
ㄕㄨㄛˋ	朔	-12.546213
ㄕㄨㄛˋ	爍	-13.721786
ㄕㄨㄛˋ	蟀	-14.375713
ㄕㄨㄛˋ	鑠	-12.721154
ㄕㄨㄞ	摔	-10.144956
ㄕㄨㄞ	衰	-12.267833
ㄕㄨㄞˇ	甩	-11.253687
ㄕㄨㄢ	拴	-12.609929
ㄕㄨㄢ	栓	-13.573366
ㄕㄨㄣˋ	瞬	-12.267833
ㄕㄨㄣˋ	舜	-11.181760
ㄖㄠˇ	擾	-11.387702
ㄖㄠˊ	嬈	-16.247515
ㄖㄠˊ	橈	-14.861221
ㄖㄠˊ	蟯	-15.842050
ㄖㄠˊ	饒	-10.493356
ㄖㄠˋ	繞	-9.559160
ㄖㄠˋ	遶	-14.743438
ㄖㄡˊ	揉	-10.311299
ㄖㄡˊ	柔	-11.984835
ㄖㄢˇ	冉	-14.232612
ㄖㄢˇ	染	-6.487840
ㄖㄢˇ	髯	-12.880219
ㄖㄢˊ	然	-8.962694
ㄖㄣˇ	忍	-7.298539
ㄖㄣˇ	稔	-14.994752
ㄖㄣˇ	荏	-13.539465
ㄖㄣˊ	仁	-9.640189
ㄖㄣˊ	壬	-12.663996
ㄖㄣˋ	仞	-12.663996
ㄖㄣˋ	任	-7.285315
ㄖㄣˋ	刃	-12.204464
ㄖㄣˋ	妊	-15.148903
ㄖㄣˋ	恁	-12.418874
ㄖㄣˋ	衽	-14.638077
ㄖㄣˋ	認	-9.078550
ㄖㄣˋ	賃	-14.301605
ㄖㄣˋ	韌	-13.069461
ㄖㄣˋ	飪	-16.247515
ㄖㄤˇ	嚷	-11.584076
ㄖㄤˇ	壤	-15.842050
ㄖㄤˇ	攘	-16.247515
ㄖㄤˊ	瓤	-11.910224
ㄖㄤˊ	禳	-13.008836
ㄖㄨˇ	乳	-11.217077
ㄖㄨˇ	汝	-10.281368
ㄖㄨˇ	辱	-11.764512
ㄖㄨˊ	嚅	-13.179462
ㄖㄨˊ	濡	-12.596857
ㄖㄨˊ	茹	-13.805168
ㄖㄨˊ	蠕	-15.331224
ㄖㄨˋ	洳	-14.375713
ㄖㄨˋ	溽	-15.842050
ㄖㄨˋ	茹	-13.444155
ㄖㄨˋ	褥	-12.596857
ㄖㄨㄛˋ	偌	-15.554368
ㄖㄨㄛˋ	蒻	-13.303076
ㄖㄨㄟˇ	蕊	-9.340760
ㄖㄨㄟˋ	叡	-12.846318
ㄖㄨㄟˋ	瑞	-12.486315
ㄖㄨㄟˋ	睿	-10.831414
ㄖㄨㄟˋ	銳	-12.474754
ㄖㄨㄥˇ	冗	-12.766275
ㄖㄨㄥˇ	茸	-12.057860
ㄖㄨㄥˊ	嶸	-16.247515
ㄖㄨㄥˊ	戎	-11.598328
ㄖㄨㄥˊ	榮	-11.865488
ㄖㄨㄥˊ	溶	-8.789329
ㄖㄨㄥˊ	熔	-12.650203
ㄖㄨㄥˊ	絨	-12.546213
ㄖㄨㄥˊ	茸	-11.943450
ㄖㄨㄥˊ	蓉	-12.781779
ㄖㄨㄥˊ	蠑	-14.542767
ㄖㄨㄥˊ	鎔	-12.650203
ㄗ	咨	-12.766275
ㄗ	姿	-10.027919
ㄗ	孳	-15.554368
ㄗ	滋	-10.660266
ㄗ	茲	-10.396750
ㄗ	菑	-14.638077
ㄗ	諮	-15.331224
ㄗ	貲	-12.813528
ㄗ	資	-10.509331
ㄗ	鯔	-15.554368
ㄗ	齜	-16.247515
ㄗˇ	仔	-10.565637
ㄗˇ	子	-6.834438
ㄗˇ	梓	-12.533943
ㄗˇ	滓	-15.148903
ㄗˇ	秭	-13.721786
ㄗˇ	笫	-12.766275
ㄗˇ	籽	-9.652418
ㄗˇ	紫	-7.711893
ㄗˇ	訾	-13.251783
ㄗˋ	字	-6.219953
ㄗˋ	孳	-15.554368
ㄗˋ	恣	-12.846318
ㄗˋ	漬	-12.178488
ㄗˋ	自	-6.305360
ㄗㄚ	紮	-11.834717
ㄗㄚˊ	砸	-8.736811
ㄗㄚˊ	雜	-11.520127
ㄗㄜˊ	咋	-12.951678
ㄗㄜˊ	嘖	-13.849620
ㄗㄜˊ	擇	-8.360682
ㄗㄜˊ	責	-8.676041
ㄗㄞ	哉	-9.652418
ㄗㄞ	栽	-11.226929
ㄗㄞˇ	仔	-11.447601
ㄗㄞˇ	宰	-11.016406
ㄗㄠ	蹧	-16.247515
ㄗㄠ	遭	-8.093302
ㄗㄠˇ	早	-7.547667
ㄗㄠˇ	棗	-11.533490
ㄗㄠˇ	藻	-12.249314
ㄗㄠˊ	鑿	-11.476830
ㄗㄠˋ	噪	-12.325542
ㄗㄠˋ	灶	-11.427233
ㄗㄠˋ	燥	-11.936716
ㄗㄠˋ	皁	-15.554368
ㄗㄠˋ	皂	-11.588804
ㄗㄠˋ	躁	-12.231132
ㄗㄠˋ	造	-8.974075
ㄗㄡ	諏	-14.638077
ㄗㄡ	謅	-16.247515
ㄗㄡ	鄒	-13.329744
ㄗㄡˋ	奏	-9.496413
ㄗㄡˋ	揍	-12.153170
ㄗㄢˊ	咱	-10.241162
ㄗㄢˋ	贊	-11.309450
ㄗㄤ	贓	-11.088460
ㄗㄤ	髒	-10.324597
ㄗㄤˋ	臟	-12.397367
ㄗㄤˋ	葬	-11.008417
ㄗㄨ	租	-8.200645
ㄗㄨˇ	俎	-12.797527
ㄗㄨˇ	祖	-9.671045
ㄗㄨˇ	詛	-14.861221
ㄗㄨˇ	阻	-12.088632
ㄗㄨˊ	卒	-9.785266
ㄗㄨˊ	族	-9.386851
ㄗㄨㄛˇ	左	-8.949747
ㄗㄨㄛˊ	昨	-6.873654
ㄗㄨㄛˋ	作	-8.815327
ㄗㄨㄛˋ	坐	-7.821763
ㄗㄨㄟˇ	嘴	-9.281491
ㄗㄨㄟˋ	罪	-9.904514
ㄗㄨㄣ	樽	-12.989418
ㄗㄨㄣˋ	鱒	-14.455755
ㄗㄨㄥ	棕	-10.312621
ㄗㄨㄥ	蹤	-11.943450
ㄗㄨㄥˋ	粽	-10.028915
ㄗㄨㄥˋ	綜	-11.923382
ㄗㄨㄥˋ	縱	-9.871639
ㄘ	疵	-12.418874
ㄘˇ	此	-7.094963
ㄘˊ	慈	-11.223634
ㄘˊ	瓷	-10.565637
ㄘˊ	疵	-12.692167
ㄘˊ	磁	-11.529016
ㄘˊ	祠	-12.240182
ㄘˊ	茨	-12.240182
ㄘˊ	茲	-10.598541
ㄘˊ	辭	-10.034909
ㄘˊ	雌	-10.488613
ㄘˋ	次	-6.965086
ㄘˋ	賜	-9.875903
ㄘㄚ	嚓	-14.107449
ㄘㄚ	搽	-13.849620
ㄘㄜˋ	側	-8.156959
ㄘㄜˋ	冊	-8.568495
ㄘㄜˋ	測	-9.834056
ㄘㄜˋ	策	-10.122832
ㄘㄞ	猜	-8.977202
ㄘㄞˇ	彩	-9.498169
ㄘㄞˇ	採	-8.687434
ㄘㄞˇ	睬	-12.863125
ㄘㄞˇ	綵	-13.506675
ㄘㄞˇ	踩	-9.149139
ㄘㄞˇ	采	-11.246930
ㄘㄞˊ	材	-10.202510
ㄘㄞˊ	裁	-10.434878
ㄘㄞˊ	財	-9.153280
ㄘㄞˋ	菜	-8.209810
ㄘㄞˋ	蔡	-8.261860
ㄘㄠ	操	-10.929395
ㄘㄠˊ	嘈	-14.743438
ㄘㄠˊ	曹	-9.451809
ㄘㄠˊ	漕	-13.227090
ㄘㄢ	參	-9.554811
ㄘㄢ	餐	-7.608458
ㄘㄢˇ	慘	-8.869131
ㄘㄢˊ	慚	-13.251783
ㄘㄢˊ	殘	-10.173319
ㄘㄢˊ	蠶	-11.423209
ㄘㄢˋ	燦	-12.386785
ㄘㄢˋ	璨	-14.375713
ㄘㄢˋ	粲	-12.623174
ㄘㄤ	倉	-10.815979
ㄘㄤ	艙	-10.909977
ㄘㄤ	蒼	-11.642345
ㄘㄥ	噌	-13.573366
ㄘㄥˋ	蹭	-14.542767
ㄘㄨ	粗	-9.258180
ㄘㄨˋ	促	-12.277223
ㄘㄨˋ	簇	-14.107449
ㄘㄨˋ	蹙	-12.915310
ㄘㄨˋ	蹴	-14.455755
ㄘㄨˋ	醋	-10.244863
ㄘㄨㄛ	搓	-10.507722
ㄘㄨㄛ	撮	-11.781607
ㄘㄨㄛ	磋	-15.842050
ㄘㄨㄛˋ	剉	-12.463325
ㄘㄨㄛˋ	厝	-9.556052
ㄘㄨㄛˋ	挫	-12.325542
ㄘㄨㄛˋ	措	-13.805168
ㄘㄨㄛˋ	銼	-12.583953
ㄘㄨㄟ	催	-10.562236
ㄘㄨㄟ	崔	-10.584554
ㄘㄨㄟˇ	璀	-15.331224
ㄘㄨㄟˋ	啐	-12.258531
ㄘㄨㄟˋ	橇	-14.375713
ㄘㄨㄟˋ	淬	-14.232612
ㄘㄨㄟˋ	粹	-13.251783
ㄘㄨㄟˋ	翠	-11.709553
ㄘㄨㄟˋ	萃	-10.893290
ㄘㄨㄢ	汆	-14.301605
ㄘㄨㄢ	躥	-16.247515
ㄘㄨㄢˋ	篡	-15.842050
ㄘㄨㄣ	村	-8.066774
ㄘㄨㄣˊ	存	-8.878860
ㄘㄨㄣˋ	吋	-10.800778
ㄘㄨㄣˋ	寸	-11.233552
ㄘㄨㄥ	匆	-15.148903
ㄘㄨㄥ	囪	-14.861221
ㄘㄨㄥ	樅	-13.762608
ㄘㄨㄥ	璁	-14.232612
ㄘㄨㄥ	聰	-10.931849
ㄘㄨㄥ	蔥	-10.321923
ㄘㄨㄥˊ	淙	-15.842050
ㄘㄨㄥˊ	琮	-13.156472
ㄘㄨㄥˋ	欉	-11.588804
ㄙ	偲	-15.842050
ㄙ	司	-10.395312
ㄙ	嘶	-11.846912
ㄙ	廝	-14.455755
ㄙ	思	-8.200805
ㄙ	撕	-9.452928
ㄙ	斯	-11.236880
ㄙ	私	-8.242315
ㄙ	絲	-7.964779
ㄙ	螄	-16.247515
ㄙ	鍶	-14.861221
ㄙˇ	死	-7.545670
ㄙˋ	伺	-14.638077
ㄙˋ	似	-8.162490
ㄙˋ	俟	-11.419201
ㄙˋ	嗣	-11.364713
ㄙˋ	寺	-8.962351
ㄙˋ	巳	-12.583953
ㄙˋ	泗	-15.148903
ㄙˋ	祀	-12.766275
ㄙˋ	笥	-15.842050
ㄙˋ	肆	-12.813528
ㄙˋ	飼	-11.977817
ㄙˋ	駟	-12.880219
ㄙㄚ	撒	-10.474517
ㄙㄚˇ	洒	-13.762608
ㄙㄚˇ	灑	-10.379631
ㄙㄚˋ	卅	-10.959248
ㄙㄚˋ	薩	-11.027159
ㄙㄚˋ	颯	-13.329744
ㄙㄜˋ	圾	-14.455755
ㄙㄜˋ	澀	-11.485341
ㄙㄜˋ	瑟	-9.833237
ㄙㄜˋ	穡	-14.107449
ㄙㄜˋ	銫	-11.736655
ㄙㄞ	塞	-8.204494
ㄙㄞˋ	賽	-9.672439
ㄙㄠ	搔	-11.323891
ㄙㄠ	艘	-9.872490
ㄙㄠ	騷	-12.797527
ㄙㄠˇ	埽	-15.657579
ㄙㄠˇ	掃	-10.507722
ㄙㄠˋ	臊	-15.148903
ㄙㄡ	蒐	-13.896140
ㄙㄡ	颼	-14.168073
ㄙㄡ	餿	-10.452978
ㄙㄡˇ	叟	-12.677982
ㄙㄡˇ	藪	-13.944930
ㄙㄡˋ	嗽	-13.090514
ㄙㄨ	甦	-14.168073
ㄙㄨ	穌	-15.148903
ㄙㄨ	蘇	-8.391002
ㄙㄨ	酥	-8.578954
ㄙㄨˊ	俗	-8.882651
ㄙㄨˋ	塑	-10.584554
ㄙㄨˋ	夙	-11.853066
ㄙㄨˋ	宿	-11.349675
ㄙㄨˋ	溯	-9.585660
ㄙㄨˋ	窣	-13.385314
ㄙㄨˋ	簌	-15.842050
ㄙㄨˋ	粟	-11.411233
ㄙㄨˋ	素	-8.534624
ㄙㄨˋ	肅	-11.923382
ㄙㄨˋ	蓿	-13.134000
ㄙㄨˋ	訴	-9.551098
ㄙㄨˋ	速	-9.666183
ㄙㄨㄛ	唆	-11.677972
ㄙㄨㄛ	嗦	-15.331224
ㄙㄨㄛ	挲	-15.148903
ㄙㄨㄛ	蓑	-13.303076
ㄙㄨㄛ	趖	-12.970370
ㄙㄨㄛˇ	瑣	-12.970370
ㄙㄨㄛˇ	索	-10.058225
ㄙㄨㄛˇ	鎖	-9.209609
ㄙㄨㄛ˙	嗦	-15.554368
ㄙㄨㄟ	荽	-13.385314
ㄙㄨㄟ	雖	-8.336191
ㄙㄨㄟˇ	髓	-12.222163
ㄙㄨㄟˊ	隋	-11.622542
ㄙㄨㄟˊ	隨	-8.414906
ㄙㄨㄟˋ	歲	-7.999902
ㄙㄨㄟˋ	碎	-10.807264
ㄙㄨㄟˋ	祟	-13.008836
ㄙㄨㄟˋ	穗	-11.688389
ㄙㄨㄟˋ	遂	-10.302094
ㄙㄨㄟˋ	邃	-16.247515
ㄙㄨㄟˋ	隧	-12.829788
ㄙㄨㄢ	痠	-12.065465
ㄙㄨㄢˋ	蒜	-13.385314
ㄙㄨㄣ	孫	-9.456293
ㄙㄨㄣˇ	損	-11.423209
ㄙㄨㄣˇ	筍	-9.740237
ㄙㄨㄥ	嵩	-13.156472
ㄙㄨㄥ	松	-9.914235
ㄙㄨㄥ	淞	-13.762608
ㄙㄨㄥ	菘	-13.682566
ㄙㄨㄥ	鬆	-9.751494
ㄙㄨㄥˇ	悚	-13.762608
ㄙㄨㄥˇ	慫	-15.554368
ㄙㄨㄥˇ	聳	-11.560765
ㄙㄨㄥˋ	宋	-9.651052
ㄙㄨㄥˋ	訟	-11.828674
ㄙㄨㄥˋ	誦	-11.498244
ㄙㄨㄥˋ	頌	-10.798625
ㄜ	屙	-15.331224
ㄜ	痾	-15.842050
ㄜˇ	噁	-12.136641
ㄜˊ	俄	-10.675361
ㄜˊ	哦	-8.842627
ㄜˊ	娥	-12.970370
ㄜˊ	峨	-15.554368
ㄜˊ	蚵	-12.088632
ㄜˊ	蛾	-12.073128
ㄜˊ	訛	-12.509845
ㄜˊ	額	-10.428917
ㄜˋ	俄	-10.545400
ㄜˋ	厄	-12.915310
ㄜˋ	呃	-12.042822
ㄜˋ	噩	-16.247515
ㄜˋ	惡	-10.428917
ㄜˋ	愕	-14.455755
ㄜˋ	扼	-12.829788
ㄜˋ	萼	-14.375713
ㄜˋ	軛	-13.277100
ㄜˋ	遏	-12.735969
ㄜˋ	鄂	-12.161539
ㄜˋ	鍔	-15.148903
ㄜˋ	阨	-16.247515
ㄜˋ	顎	-12.486315
ㄜˋ	餓	-9.123842
ㄜˋ	鱷	-12.397367
ㄜˋ	鶚	-12.846318
ㄞ	哀	-11.395485
ㄞ	哎	-10.545400
ㄞ	唉	-9.485942
ㄞ	埃	-12.486315
ㄞ	挨	-10.468316
ㄞˇ	欸	-11.169221
ㄞˇ	毐	-14.232612
ㄞˇ	矮	-10.278807
ㄞˊ	呆	-11.043508
ㄞˊ	捱	-12.376314
ㄞˊ	皚	-15.554368
ㄞˋ	噯	-12.623174
ㄞˋ	曖	-15.148903
ㄞˋ	礙	-12.571214
ㄞˋ	艾	-11.859258
ㄞˋ	隘	-13.539465
ㄠ	凹	-11.431274
ㄠ	坳	-13.762608
ㄠˊ	熬	-9.149553
ㄠˊ	獒	-14.542767
ㄠˊ	翱	-14.542767
ㄠˊ	螯	-12.721154
ㄠˊ	鏖	-15.331224
ㄠˊ	鰲	-13.385314
ㄠˋ	傲	-13.028639
ㄠˋ	奧	-11.005768
ㄠˋ	懊	-15.554368
ㄠˋ	拗	-11.622542
ㄡ	毆	-12.305933
ㄡ	甌	-14.861221
ㄡ	鷗	-15.842050
ㄡˇ	偶	-11.840796
ㄡˇ	嘔	-12.136641
ㄡˇ	藕	-13.048842
ㄡˋ	噢	-9.626109
ㄡˋ	漚	-14.455755
ㄢ	垵	-15.842050
ㄢ	安	-8.830235
ㄢ	峖	-16.247515
ㄢ	庵	-13.048842
ㄢ	氨	-13.329744
ㄢ	胺	-13.805168
ㄢ	諳	-12.355695
ㄢ	鞍	-12.989418
ㄢ	鵪	-15.842050
ㄢˇ	俺	-12.161539
ㄢˇ	唵	-15.331224
ㄢˋ	岸	-9.647644
ㄢˋ	按	-7.474750
ㄢˋ	暗	-9.090948
ㄢˋ	案	-7.241680
ㄢˋ	桉	-14.168073
ㄢˋ	犴	-16.247515
ㄢˋ	菴	-15.842050
ㄢˋ	闇	-13.644825
ㄢˋ	黯	-14.050290
ㄦˇ	洱	-13.444155
ㄦˇ	耳	-7.814247
ㄦˇ	薾	-16.247515
ㄦˇ	邇	-15.842050
ㄦˇ	餌	-12.558635
ㄦˊ	兒	-9.605028
ㄦˊ	鴯	-15.842050
ㄦˋ	貳	-12.989418
ㄧ	伊	-7.970484
ㄧ	依	-6.727120
ㄧ	咿	-12.951678
ㄧ	噫	-13.303076
ㄧ	壹	-10.156205
ㄧ	揖	-11.476830
ㄧ	欹	-14.861221
ㄧ	漪	-14.861221
ㄧ	衣	-9.263262
ㄧ	醫	-9.096813
ㄧ	銥	-14.455755
ㄧˇ	乙	-8.697380
ㄧˇ	倚	-10.096912
ㄧˇ	已	-6.727120
ㄧˇ	旖	-16.247515
ㄧˇ	椅	-9.925848
ㄧˇ	矣	-8.259651
ㄧˇ	苡	-16.247515
ㄧˇ	蟻	-10.581088
ㄧˇ	迤	-14.168073
ㄧˊ	儀	-12.623174
ㄧˊ	呲	-15.148903
ㄧˊ	咦	-8.792795
ㄧˊ	圯	-14.743438
ㄧˊ	夷	-10.696495
ㄧˊ	姨	-11.040765
ㄧˊ	宜	-8.477503
ㄧˊ	怡	-12.277223
ㄧˊ	沂	-14.050290
ㄧˊ	疑	-8.852715
ㄧˊ	胰	-13.762608
ㄧˊ	衪	-14.743438
ㄧˊ	誼	-12.178488
ㄧˊ	貽	-13.277100
ㄧˊ	迤	-14.232612
ㄧˊ	遺	-12.558635
ㄧˊ	頤	-13.028639
ㄧˊ	飴	-13.179462
ㄧˋ	亦	-6.851193
ㄧˋ	佚	-13.539465
ㄧˋ	佾	-13.762608
ㄧˋ	億	-9.452928
ㄧˋ	刈	-12.521821
ㄧˋ	埸	-14.861221
ㄧˋ	奕	-12.813528
ㄧˋ	屹	-15.842050
ㄧˋ	弈	-12.365951
ㄧˋ	弋	-13.721786
ㄧˋ	役	-8.599967
ㄧˋ	悒	-15.554368
ㄧˋ	意	-7.525342
ㄧˋ	憶	-10.738127
ㄧˋ	抑	-10.939247
ㄧˋ	挹	-14.861221
ㄧˋ	掖	-13.573366
ㄧˋ	易	-7.345876
ㄧˋ	曳	-13.444155
ㄧˋ	毅	-13.303076
ㄧˋ	液	-11.172341
ㄧˋ	溢	-10.706251
ㄧˋ	熠	-14.743438
ㄧˋ	異	-8.890597
ㄧˋ	疫	-12.813528
ㄧˋ	益	-9.609602
ㄧˋ	繹	-11.607943
ㄧˋ	義	-7.941660
ㄧˋ	羿	-13.996223
ㄧˋ	翊	-13.506675
ㄧˋ	翌	-13.414302
ㄧˋ	翳	-14.638077
ㄧˋ	翼	-10.570761
ㄧˋ	腋	-10.028915
ㄧˋ	臆	-14.375713
ㄧˋ	薏	-13.996223
ㄧˋ	藝	-10.650947
ㄧˋ	裔	-11.515712
ㄧˋ	詣	-13.028639
ㄧˋ	譯	-9.151208
ㄧˋ	議	-9.404832
ㄧˋ	軼	-15.148903
ㄧˋ	逸	-11.603124
ㄧˋ	邑	-10.463690
ㄧˋ	鎰	-13.644825
ㄧˋ	驛	-11.704220
ㄧ˙	意	-7.813486
ㄧㄚ	丫	-13.277100
ㄧㄚ	呀	-8.246830
ㄧㄚ	壓	-9.285745
ㄧㄚ	押	-9.443455
ㄧㄚ	椏	-15.331224
ㄧㄚ	鴉	-12.677982
ㄧㄚ	鴨	-9.356397
ㄧㄚˇ	亞	-10.771051
ㄧㄚˇ	啞	-11.584076
ㄧㄚˇ	疋	-14.168073
ㄧㄚˇ	雅	-10.618097
ㄧㄚˊ	枒	-16.247515
ㄧㄚˊ	涯	-15.554368
ㄧㄚˊ	牙	-9.356397
ㄧㄚˊ	芽	-10.762718
ㄧㄚˊ	衙	-13.008836
ㄧㄚˋ	婭	-12.088632
ㄧㄚˋ	軋	-11.270781
ㄧㄚ˙	呀	-8.549713
ㄧㄝ	噎	-13.805168
ㄧㄝˇ	冶	-14.050290
ㄧㄝˇ	野	-9.861478
ㄧㄝˊ	椰	-13.179462
ㄧㄝˊ	耶	-6.490123
ㄧㄝˋ	夜	-8.669114
ㄧㄝˋ	拽	-12.397367
ㄧㄝˋ	曄	-14.232612
ㄧㄝˋ	業	-9.130309
ㄧㄝˋ	液	-11.288173
ㄧㄝˋ	燁	-14.861221
ㄧㄝˋ	腋	-9.925848
ㄧㄝˋ	謁	-13.385314
ㄧㄝˋ	靨	-14.861221
ㄧㄝˋ	頁	-8.656663
ㄧㄠ	么	-13.156472
ㄧㄠ	吆	-14.301605
ㄧㄠ	喲	-11.916782
ㄧㄠ	夭	-13.028639
ㄧㄠ	妖	-11.840796
ㄧㄠ	腰	-10.218032
ㄧㄠˇ	咬	-9.779816
ㄧㄠˇ	夭	-13.069461
ㄧㄠˇ	杳	-12.706556
ㄧㄠˇ	窈	-13.644825
ㄧㄠˇ	舀	-11.923382
ㄧㄠˊ	僥	-14.638077
ㄧㄠˊ	堯	-11.957055
ㄧㄠˊ	搖	-10.476074
ㄧㄠˊ	爻	-10.605608
ㄧㄠˊ	瑤	-12.571214
ㄧㄠˊ	窯	-10.535434
ㄧㄠˊ	肴	-13.303076
ㄧㄠˊ	謠	-12.355695
ㄧㄠˊ	遙	-11.021768
ㄧㄠˊ	餚	-13.721786
ㄧㄠˋ	拗	-12.112348
ㄧㄠˋ	曜	-12.571214
ㄧㄠˋ	耀	-12.509845
ㄧㄠˋ	鑰	-12.355695
ㄧㄠˋ	鷂	-13.539465
ㄧㄡ	優	-9.869089
ㄧㄡ	呦	-13.251783
ㄧㄡ	幽	-11.472602
ㄧㄡ	悠	-13.303076
ㄧㄡ	憂	-9.875049
ㄧㄡ	攸	-13.608458
ㄧㄡˇ	友	-9.089390
ㄧㄡˇ	牖	-14.375713
ㄧㄡˇ	酉	-10.550421
ㄧㄡˇ	黝	-15.554368
ㄧㄡˊ	尤	-9.292876
ㄧㄡˊ	油	-7.639750
ㄧㄡˊ	游	-8.933961
ㄧㄡˊ	猶	-8.557686
ㄧㄡˊ	猷	-13.944930
ㄧㄡˊ	由	-7.251606
ㄧㄡˊ	疣	-13.644825
ㄧㄡˊ	遊	-8.531722
ㄧㄡˊ	郵	-13.069461
ㄧㄡˊ	鈾	-12.609929
ㄧㄡˊ	魷	-14.994752
ㄧㄡˋ	佑	-12.989418
ㄧㄡˋ	侑	-14.542767
ㄧㄡˋ	又	-6.806579
ㄧㄡˋ	右	-8.048051
ㄧㄡˋ	囿	-13.944930
ㄧㄡˋ	宥	-12.706556
ㄧㄡˋ	柚	-10.335364
ㄧㄡˋ	祐	-13.474926
ㄧㄡˋ	誘	-10.378218
ㄧㄡˋ	釉	-10.577634
ㄧㄡˋ	鈾	-11.764512
ㄧㄡˋ	鼬	-12.829788
ㄧㄢ	咽	-12.706556
ㄧㄢ	奄	-13.849620
ㄧㄢ	嫣	-12.408063
ㄧㄢ	淹	-10.320589
ㄧㄢ	湮	-14.375713
ㄧㄢ	焉	-9.687192
ㄧㄢ	煙	-9.001503
ㄧㄢ	胭	-16.247515
ㄧㄢ	菸	-9.439028
ㄧㄢ	鄢	-15.148903
ㄧㄢ	醃	-9.944896
ㄧㄢ	閹	-12.813528
ㄧㄢˇ	偃	-12.951678
ㄧㄢˇ	儼	-13.474926
ㄧㄢˇ	掩	-10.360023
ㄧㄢˇ	演	-7.761297
ㄧㄢˇ	眼	-7.579405
ㄧㄢˇ	衍	-13.474926
ㄧㄢˇ	魘	-13.849620
ㄧㄢˊ	嚴	-9.447902
ㄧㄢˊ	妍	-12.915310
ㄧㄢˊ	岩	-10.824770
ㄧㄢˊ	巖	-12.397367
ㄧㄢˊ	延	-10.480758
ㄧㄢˊ	檐	-11.798999
ㄧㄢˊ	沿	-7.918943
ㄧㄢˊ	炎	-12.880219
ㄧㄢˊ	癌	-8.390034
ㄧㄢˊ	研	-12.249314
ㄧㄢˊ	筵	-13.179462
ㄧㄢˊ	簷	-12.213274
ㄧㄢˊ	言	-7.297436
ㄧㄢˊ	閰	-14.638077
ㄧㄢˊ	閻	-12.813528
ㄧㄢˊ	顏	-10.457555
ㄧㄢˊ	鹽	-8.138591
ㄧㄢˋ	厭	-10.800778
ㄧㄢˋ	唁	-14.861221
ㄧㄢˋ	嚥	-11.071365
ㄧㄢˋ	堰	-13.762608
ㄧㄢˋ	宴	-11.368508
ㄧㄢˋ	彥	-12.609929
ㄧㄢˋ	晏	-12.558635
ㄧㄢˋ	焰	-11.502583
ㄧㄢˋ	焱	-16.247515
ㄧㄢˋ	燄	-13.539465
ㄧㄢˋ	燕	-10.373990
ㄧㄢˋ	硯	-12.677982
ㄧㄢˋ	艷	-11.407273
ㄧㄢˋ	諺	-13.251783
ㄧㄢˋ	讞	-12.546213
ㄧㄢˋ	豔	-11.184920
ㄧㄢˋ	釅	-15.842050
ㄧㄢˋ	雁	-10.612725
ㄧㄢˋ	饜	-13.762608
ㄧㄢˋ	驗	-9.832418
ㄧㄣ	姻	-13.251783
ㄧㄣ	氤	-15.148903
ㄧㄣ	湮	-13.414302
ㄧㄣ	瘖	-15.842050
ㄧㄣ	茵	-13.028639
ㄧㄣ	銦	-14.375713
ㄧㄣ	陰	-9.443455
ㄧㄣˇ	尹	-11.677972
ㄧㄣˇ	引	-8.538207
ㄧㄣˇ	蚓	-13.474926
ㄧㄣˇ	隱	-9.939416
ㄧㄣˊ	吟	-10.460618
ㄧㄣˊ	垠	-15.148903
ㄧㄣˊ	寅	-9.819410
ㄧㄣˊ	淫	-11.709553
ㄧㄣˊ	狺	-15.331224
ㄧㄣˊ	鄞	-13.251783
ㄧㄣˊ	銀	-7.979681
ㄧㄣˊ	齦	-13.329744
ㄧㄣˋ	印	-8.628773
ㄧㄣˋ	胤	-11.970849
ㄧㄤ	央	-12.583953
ㄧㄤ	殃	-12.829788
ㄧㄤ	秧	-11.834717
ㄧㄤˇ	仰	-10.532133
ㄧㄤˇ	卬	-13.179462
ㄧㄤˇ	氧	-9.709375
ㄧㄤˇ	癢	-8.952458
ㄧㄤˊ	佯	-13.329744
ㄧㄤˊ	徉	-14.743438
ㄧㄤˊ	揚	-10.006265
ㄧㄤˊ	楊	-8.776152
ㄧㄤˊ	洋	-10.047006
ㄧㄤˊ	烊	-14.455755
ㄧㄤˊ	瘍	-13.762608
ㄧㄤˊ	羊	-8.741473
ㄧㄤˊ	陽	-9.260486
ㄧㄤˊ	颺	-13.385314
ㄧㄤˋ	恙	-13.028639
ㄧㄤˋ	漾	-11.714915
ㄧㄤˋ	煬	-14.107449
ㄧㄥ	嚶	-16.247515
ㄧㄥ	嬰	-11.309450
ㄧㄥ	攖	-14.861221
ㄧㄥ	瑛	-15.148903
ㄧㄥ	瓔	-15.842050
ㄧㄥ	纓	-12.989418
ㄧㄥ	罌	-13.805168
ㄧㄥ	膺	-12.386785
ㄧㄥ	鶯	-10.163015
ㄧㄥ	鷹	-9.436271
ㄧㄥ	鸚	-14.375713
ㄧㄥˇ	影	-10.132727
ㄧㄥˇ	潁	-14.638077
ㄧㄥˇ	癭	-14.638077
ㄧㄥˇ	穎	-12.020681
ㄧㄥˇ	郢	-12.509845
ㄧㄥˊ	嬴	-12.325542
ㄧㄥˊ	楹	-13.414302
ㄧㄥˊ	瀅	-15.842050
ㄧㄥˊ	瀛	-13.329744
ㄧㄥˊ	熒	-15.148903
ㄧㄥˊ	營	-9.080477
ㄧㄥˊ	瑩	-10.758577
ㄧㄥˊ	盈	-11.391586
ㄧㄥˊ	縈	-14.994752
ㄧㄥˊ	螢	-10.607382
ㄧㄥˊ	蠅	-11.472602
ㄧㄥˊ	迎	-9.273972
ㄧㄥˋ	映	-10.462152
ㄧㄥˋ	瀅	-15.554368
ㄧㄥˋ	硬	-7.136608
ㄨ	嗚	-11.627456
ㄨ	屋	-7.114272
ㄨ	巫	-11.395485
ㄨ	汙	-10.744218
ㄨ	污	-12.521821
ㄨ	烏	-11.003126
ㄨ	鄔	-14.861221
ㄨ	鎢	-14.107449
ㄨˇ	伍	-12.020681
ㄨˇ	侮	-13.227090
ㄨˇ	午	-11.117616
ㄨˇ	嘸	-12.042822
ㄨˇ	廡	-13.251783
ㄨˇ	捂	-12.766275
ㄨˇ	摀	-12.120381
ㄨˇ	武	-9.549247
ㄨˇ	鵡	-15.842050
ㄨˊ	吳	-7.339023
ㄨˊ	吾	-8.960638
ㄨˊ	唔	-10.582820
ㄨˊ	嘸	-12.096475
ㄨˊ	梧	-13.251783
ㄨˊ	毋	-10.298175
ㄨˊ	蕪	-13.385314
ㄨˊ	蜈	-15.148903
ㄨˊ	誣	-12.204464
ㄨˊ	鼯	-15.148903
ㄨˋ	兀	-13.277100
ㄨˋ	務	-11.191269
ㄨˋ	勿	-8.764270
ㄨˋ	噁	-12.970370
ㄨˋ	塢	-14.638077
ㄨˋ	寤	-13.721786
ㄨˋ	悟	-9.694294
ㄨˋ	戊	-13.202992
ㄨˋ	晤	-13.444155
ㄨˋ	物	-8.615598
ㄨˋ	鎢	-14.168073
ㄨˋ	霧	-8.997945
ㄨˋ	鶩	-14.375713
ㄨㄚ	哇	-9.993686
ㄨㄚ	媧	-14.861221
ㄨㄚ	挖	-10.128317
ㄨㄚ	漥	-14.743438
ㄨㄚ	蛙	-11.175471
ㄨㄚˇ	佤	-15.842050
ㄨㄚˇ	瓦	-10.527203
ㄨㄚˊ	娃	-11.579370
ㄨㄚˋ	襪	-11.281180
ㄨㄛ	倭	-12.915310
ㄨㄛ	萵	-13.414302
ㄨㄛˋ	渥	-13.227090
ㄨㄟ	偎	-11.923382
ㄨㄟ	威	-11.049018
ㄨㄟ	崴	-13.357143
ㄨㄟ	煨	-11.725726
ㄨㄟ	萎	-13.896140
ㄨㄟ	葳	-14.168073
ㄨㄟ	隈	-13.112021
ㄨㄟˇ	偉	-12.897611
ㄨㄟˇ	唯	-9.336764
ㄨㄟˇ	委	-10.448422
ㄨㄟˇ	尾	-8.807368
ㄨㄟˇ	暐	-15.148903
ㄨㄟˇ	洧	-14.542767
ㄨㄟˇ	煒	-14.455755
ㄨㄟˇ	瑋	-11.736655
ㄨㄟˇ	緯	-11.485341
ㄨㄟˇ	萎	-13.896140
ㄨㄟˇ	葦	-12.721154
ㄨㄟˇ	諉	-14.107449
ㄨㄟˇ	韙	-14.861221
ㄨㄟˇ	鮪	-11.403328
ㄨㄟˊ	危	-10.662141
ㄨㄟˊ	囗	-14.455755
ㄨㄟˊ	圍	-8.871007
ㄨㄟˊ	巍	-15.148903
ㄨㄟˊ	帷	-12.863125
ㄨㄟˊ	微	-7.564384
ㄨㄟˊ	惟	-9.350821
ㄨㄟˊ	桅	-12.609929
ㄨㄟˊ	濰	-14.994752
ㄨㄟˊ	維	-10.758577
ㄨㄟˊ	薇	-12.408063
ㄨㄟˊ	違	-9.608293
ㄨㄟˊ	闈	-13.112021
ㄨㄟˊ	韋	-9.664797
ㄨㄟˋ	偽	-10.476074
ㄨㄟˋ	味	-8.710618
ㄨㄟˋ	喂	-9.048957
ㄨㄟˋ	尉	-11.485341
ㄨㄟˋ	慰	-11.736655
ㄨㄟˋ	未	-7.011214
ㄨㄟˋ	渭	-12.880219
ㄨㄟˋ	穌	-16.247515
ㄨㄟˋ	胃	-8.333994
ㄨㄟˋ	蔚	-13.944930
ㄨㄟˋ	蝟	-14.994752
ㄨㄟˋ	衛	-11.302307
ㄨㄟˋ	謂	-8.549486
ㄨㄟˋ	餵	-8.524395
ㄨㄟˋ	魏	-8.824245
ㄨㄢ	剜	-14.638077
ㄨㄢ	彎	-10.480758
ㄨㄢ	灣	-11.305872
ㄨㄢˇ	婉	-14.994752
ㄨㄢˇ	宛	-13.277100
ㄨㄢˇ	挽	-11.188089
ㄨㄢˇ	晚	-7.499210
ㄨㄢˇ	浣	-11.399399
ㄨㄢˇ	琬	-15.331224
ㄨㄢˇ	皖	-11.403328
ㄨㄢˇ	碗	-8.385595
ㄨㄢˇ	綰	-15.148903
ㄨㄢˇ	輓	-15.554368
ㄨㄢˊ	完	-8.481734
ㄨㄢˊ	烷	-13.134000
ㄨㄢˊ	玩	-6.809561
ㄨㄢˊ	紈	-11.511316
ㄨㄢˊ	頑	-13.944930
ㄨㄢˋ	万	-15.148903
ㄨㄢˋ	卍	-13.849620
ㄨㄢˋ	惋	-15.842050
ㄨㄢˋ	腕	-10.520667
ㄨㄢˋ	萬	-7.417703
ㄨㄣ	塭	-12.915310
ㄨㄣ	溫	-10.369779
ㄨㄣ	瘟	-12.571214
ㄨㄣˇ	吻	-9.435170
ㄨㄣˇ	穩	-8.772459
ㄨㄣˊ	文	-6.789182
ㄨㄣˊ	玟	-13.385314
ㄨㄣˊ	紋	-11.178611
ㄨㄣˋ	問	-6.485533
ㄨㄤ	尪	-12.650203
ㄨㄤˇ	惘	-15.842050
ㄨㄤˇ	網	-7.486043
ㄨㄤˇ	魍	-13.357143
ㄨㄤˊ	亡	-10.491773
ㄨㄤˊ	王	-7.825182
ㄨㄤˋ	忘	-8.041341
ㄨㄤˋ	旺	-9.521881
ㄨㄤˋ	望	-9.223756
ㄨㄥ	嗡	-13.682566
ㄨㄥˋ	甕	-12.915310
ㄩ	淤	-12.397367
ㄩ	瘀	-10.766876
ㄩ	紆	-13.849620
ㄩ	迂	-13.048842
ㄩˇ	与	-16.247515
ㄩˇ	予	-9.294786
ㄩˇ	俁	-16.247515
ㄩˇ	噢	-9.049705
ㄩˇ	宇	-11.916782
ㄩˇ	嶼	-14.994752
ㄩˇ	庾	-13.444155
ㄩˇ	瑀	-14.232612
ㄩˇ	禹	-11.415209
ㄩˇ	窳	-16.247515
ㄩˇ	羽	-9.819410
ㄩˇ	與	-6.240817
ㄩˇ	語	-8.932962
ㄩˇ	雨	-7.923542
ㄩˊ	于	-9.919578
ㄩˊ	余	-9.707207
ㄩˊ	俞	-11.647357
ㄩˊ	妤	-13.028639
ㄩˊ	娛	-11.822668
ㄩˊ	愉	-13.944930
ㄩˊ	愚	-10.656528
ㄩˊ	於	-6.275738
ㄩˊ	歟	-12.813528
ㄩˊ	渝	-12.721154
ㄩˊ	漁	-10.522297
ㄩˊ	瑜	-12.397367
ㄩˊ	畬	-15.331224
ㄩˊ	盂	-13.896140
ㄩˊ	禺	-14.861221
ㄩˊ	腴	-14.994752
ㄩˊ	虞	-10.010167
ㄩˊ	蝓	-15.148903
ㄩˊ	輿	-11.305872
ㄩˊ	逾	-8.835053
ㄩˊ	隅	-12.408063
ㄩˊ	雩	-16.247515
ㄩˊ	餘	-9.142549
ㄩˊ	魚	-7.480419
ㄩˋ	喻	-10.532133
ㄩˋ	域	-10.712151
ㄩˋ	寓	-11.236880
ㄩˋ	尉	-10.829195
ㄩˋ	峪	-15.331224
ㄩˋ	御	-10.431893
ㄩˋ	愈	-7.873038
ㄩˋ	慾	-10.673462
ㄩˋ	昱	-12.623174
ㄩˋ	欲	-8.673727
ㄩˋ	毓	-14.994752
ㄩˋ	淯	-15.554368
ㄩˋ	煜	-13.721786
ㄩˋ	熨	-13.277100
ㄩˋ	獄	-10.353112
ㄩˋ	玉	-9.205229
ㄩˋ	癒	-10.406873
ㄩˋ	禦	-12.474754
ㄩˋ	禺	-14.301605
ㄩˋ	籲	-10.847092
ㄩˋ	聿	-13.944930
ㄩˋ	育	-10.402522
ㄩˋ	芋	-11.667663
ㄩˋ	裕	-12.509845
ㄩˋ	諭	-11.223634
ㄩˋ	譽	-10.936775
ㄩˋ	豫	-11.468391
ㄩˋ	遇	-8.865391
ㄩˋ	郁	-12.829788
ㄩˋ	鈺	-13.156472
ㄩˋ	閾	-14.994752
ㄩˋ	預	-10.347618
ㄩˋ	飫	-15.842050
ㄩˋ	馭	-13.090514
ㄩˋ	鬱	-12.558635
ㄩˋ	鬻	-14.301605
ㄩˋ	鷸	-13.896140
ㄩㄝ	曰	-9.486521
ㄩㄝˋ	岳	-13.202992
ㄩㄝˋ	悅	-11.472602
ㄩㄝˋ	玥	-14.861221
ㄩㄝˋ	粵	-9.975582
ㄩㄝˋ	鉞	-14.743438
ㄩㄝˋ	閱	-10.654664
ㄩㄢ	淵	-12.204464
ㄩㄢ	鳶	-12.006188
ㄩㄢ	鴛	-15.842050
ㄩㄢˇ	遠	-7.151912
ㄩㄢˊ	元	-6.624932
ㄩㄢˊ	員	-8.370687
ㄩㄢˊ	園	-8.124995
ㄩㄢˊ	圓	-7.915447
ㄩㄢˊ	圜	-12.933329
ㄩㄢˊ	垣	-12.204464
ㄩㄢˊ	媛	-12.829788
ㄩㄢˊ	援	-11.135527
ㄩㄢˊ	沅	-13.539465
ㄩㄢˊ	源	-9.644249
ㄩㄢˊ	爰	-12.296271
ㄩㄢˊ	猿	-11.688389
ㄩㄢˊ	緣	-9.245814
ㄩㄢˊ	芫	-15.148903
ㄩㄢˊ	螈	-13.762608
ㄩㄢˊ	袁	-9.937597
ㄩㄢˊ	轅	-13.303076
ㄩㄢˋ	媛	-12.797527
ㄩㄢˋ	怨	-9.429137
ㄩㄢˋ	愿	-15.842050
ㄩㄢˋ	瑗	-15.554368
ㄩㄢˋ	苑	-11.840796
ㄩㄢˋ	院	-7.939193
ㄩㄢˋ	願	-7.426520
ㄩㄣ	暈	-10.844838
ㄩㄣˇ	允	-10.538745
ㄩㄣˇ	隕	-13.849620
ㄩㄣˊ	云	-10.344882
ㄩㄣˊ	昀	-12.213274
ㄩㄣˊ	耘	-13.805168
ㄩㄣˊ	雲	-7.479330
ㄩㄣˋ	孕	-11.515712
ㄩㄣˋ	惲	-14.168073
ㄩㄣˋ	慍	-12.249314
ㄩㄣˋ	熨	-12.286702
ㄩㄣˋ	運	-9.074323
ㄩㄣˋ	醞	-15.842050
ㄩㄣˋ	韻	-10.982237
ㄩㄥ	傭	-11.810763
ㄩㄥ	墉	-12.721154
ㄩㄥ	壅	-13.227090
ㄩㄥ	庸	-12.296271
ㄩㄥ	慵	-15.842050
ㄩㄥ	邕	-14.375713
ㄩㄥ	鏞	-14.375713
ㄩㄥ	雍	-10.954210
ㄩㄥˇ	俑	-12.751007
ㄩㄥˇ	勇	-9.174669
ㄩㄥˇ	擁	-9.702884
ㄩㄥˇ	泳	-12.296271
ㄩㄥˇ	涌	-13.179462
ㄩㄥˇ	甬	-15.148903
ㄩㄥˇ	蛹	-10.471412
ㄩㄥˇ	踊	-13.682566
ㄩㄥˇ	踴	-15.554368
ㄩㄥˊ	傭	-12.161539
ㄩㄥˋ	佣	-13.357143
