# name	keys	expected	syllables
ni-hao	su3cl3	你好	2
zao-shang-hao	yl3g;4cl3	早上好	3
wo-shi-xue-sheng	ji3g4vm,6g/ 	我是學生	4
dada	hk4g4u6vu84cjo41j6cjo42832jo4	測試一下會不會打對	9
weather	rup wu0 wu0 fu4cp3cl3	今天天氣很好	6
library	ji3vu;3fm4wj6gj ej03	我想去圖書館	6
station	fu/3jp4cji3tk 504y94s83xu3	請問火車站在哪裡	8
meeting	au/6wu0 yl3g;4ru.32u03d9 cjo4	明天早上九點開會	8
movie	5k4ek45. ai4u4fu3fm4d042u04u/3	這個週末一起去看電影	10
thanks	vu,4vu,4su31; a;6	謝謝你幫忙	5
coffee	ji3vu3cj0 ck d8 zo 	我喜歡喝咖啡	6
mrt	w961o3ru,6mp4cp3z; 1u04	台北捷運很方便	7
dinner	ji3ap6u4fu3t j03h0 	我們一起吃晚餐	7
report	5k4zp41l4el4au/6wu0 ul4rul 	這份報告明天要交	8
ime	gj bj4z83dk3u3vm,6vu6g3m/45k3vu6ej04	輸入法可以學習使用者習慣	12
typing	283y4nj42j4m,4x96m,4dj94	打字速度越來越快	8
breakfast	ji3rup wu0 ao6u.3t yl3h0 	我今天沒有吃早餐	8
noodles	5k4ru8 h0 wu/ su.6b.4au04cp3cl3t 	這家餐廳牛肉麵很好吃	10
friday	5. j3j03g;4u.3dj/4	週五晚上有空	6
coding	ji35/4y94vm,6vu6vu,3t/6g4	我正在學習寫程式	8
japan	vu84ek4m,4ul4fm4b41p3xm3vu/6	下個月要去日本旅行	9
window	fu/3183tj; cj4ej0 fu3x96	請把窗戶關起來	7
aircon	wu0 fu4w94bk4nji3u3d9 x/3fu4	天氣太熱所以開冷氣	9
late	w8 yji6wu0 cp3j03h96gjo4	他昨天很晚才睡	7
book	5k41p3gj zo t;6u.3fm4	這本書非常有趣	7
policy	5/4zj3vm0 1j4vup 5/4hk4	政府宣布新政策	7
economy	ru/ ru4t/65;3nj42j4z;4a04	經濟成長速度放慢	8
prepare	fu/3y94cjo4u4fu065jp31o4cl3y xul4	請在會議前準備好資料	10
rain	5. ai4wu0 fu4m41l4cjo4vu84m3	週末天氣預報會下雨	9
crash	2u04sl3wj b062; ru 	電腦突然當機	6
park	vul3q/6u.3y94ej/ m06j06gj83	小朋友在公園玩耍	8
work	w8 cp3sj3xu4ej/ yji4	他很努力工作	6
booking	fu/31; ji3m42u/4cjo4u4g4	請幫我預訂會議室	8
discuss	5k4ek4jp4wu6vm ul4y3vu4wl3xjp4	這個問題需要仔細討論	10
market	ji3yji6wu0 fm4tl g4a93h94	我昨天去超市買菜	8
beach	vu84wu0 c931u0 bp6cp32ji 	夏天海邊人很多	7
boss	xl3103rm,62u/4wu6yl3vu8410 	老闆決定提早下班	8
phone	g.3ru dj94ao62u04	手機快沒電	5
number	fu/3el4nj4ji32u04cj84cl4a83	請告訴我電話號碼	8
quiet	wj6gj ej03rup453284g/ gji cj84	圖書館禁止大聲說話	9
jog	5. b4yl3g;4fm4ej/ m06ql31j4	週日早上去公園跑步	9
winter	rup su062j/ wu0 wk41u,6x/3	今年冬天特別冷	7
